partition,file,gbif_id,label,observer,license,taxon,sha256
inat_final_test_SEALED,1291071735_0.jpg,1291071735,healthy,ellen hildebrandt,http://creativecommons.org/licenses/by-nc/4.0/legalcode,Triticum aestivum L.,3700ce9bbc62b5771bba83dfc0b6577de99e07f4c6a557bfabe3b08037aefddf
inat_train,1572369972_0.jpg,1572369972,healthy,eknuth,http://creativecommons.org/licenses/by-nc/4.0/legalcode,Triticum aestivum L.,3426e9440f18edaef292cb99fa18c00b4dec3c871af211b39f1bb13bf005ce2c
inat_final_test_SEALED,1807278163_0.jpg,1807278163,healthy,Colin Chapman-Lam,http://creativecommons.org/licenses/by-nc/4.0/legalcode,Triticum aestivum L.,93e1924fd2bdf9d61a3b6242071400028d069eadbeccc44c769292784c095150
inat_train,1944411022_0.jpg,1944411022,healthy,arobwarren,http://creativecommons.org/licenses/by-nc/4.0/legalcode,Triticum aestivum L.,79e56378d8e6a7f26067ebe4347ebb0b3379e3dc02a0d97dac638a2b40e1cbd2
inat_final_test_SEALED,2234738314_0.jpg,2234738314,healthy,Nido Paras,http://creativecommons.org/licenses/by-nc/4.0/legalcode,Triticum aestivum L.,c93721538a4d7cd9539fed2cd3b88b138722e6b399fbbf0ed2eda44385347322
inat_final_test_SEALED,2242787270_0.jpg,2242787270,healthy,colin19,http://creativecommons.org/licenses/by-nc/4.0/legalcode,Triticum aestivum L.,f46c4102bdb54125fb08cb1e5906dc843641a09fc4552923952bb1f43db1c32f
inat_final_test_SEALED,2243023096_0.jpg,2243023096,healthy,cassi saari,http://creativecommons.org/publicdomain/zero/1.0/legalcode,Triticum aestivum L.,80afc583ecf825cfd5c271f51f58efe7393ef621d867d9f68535b2bdde5af45b
inat_train,2251954069_0.jpg,2251954069,healthy,Dave Holland,http://creativecommons.org/licenses/by-nc/4.0/legalcode,Triticum aestivum L.,6f8203765ec48ffe94fe87c0234fe9fc564b4dbb1164b1623b623a723ce36899
inat_final_test_SEALED,2269226232_0.jpg,2269226232,healthy,Robert H. Wardell,http://creativecommons.org/publicdomain/zero/1.0/legalcode,Triticum aestivum L.,5007e09f97f41f43d21affd84b3e83a0a43deb3f043d45f81e7dcf05eedd5a66
inat_train,2283167093_0.jpg,2283167093,healthy,nveronika,http://creativecommons.org/licenses/by-nc/4.0/legalcode,Triticum aestivum L.,3394d9dd4447a3bc8d28977da97b5ea3c362dbdb70bda156d2d64c41134fd274
inat_train,2366069794_0.jpg,2366069794,healthy,Вячеслав Юсупов,http://creativecommons.org/licenses/by/4.0/legalcode,Triticum aestivum L.,7882d1ed6bcc18213d87846c291929f4d10a27a971b2c0cb553e87c18cb856f5
inat_train,2423026115_0.jpg,2423026115,healthy,Stephen James McWilliam,http://creativecommons.org/publicdomain/zero/1.0/legalcode,Triticum aestivum L.,3dff62ca247ceae6d4952baa50f0464cbcddb421112656ea9ba6be4bfbde0acc
inat_train,2423134109_0.jpg,2423134109,healthy,Stephen James McWilliam,http://creativecommons.org/publicdomain/zero/1.0/legalcode,Triticum aestivum L.,fe0954c9f1972a91defcb0c5c10ba153790961c02dc011b601407b3c94198297
inat_final_test_SEALED,2529399223_0.jpg,2529399223,healthy,Nikolay Panasenko,http://creativecommons.org/licenses/by-nc/4.0/legalcode,Triticum aestivum L.,f188b7e4fd6743015b26e9d764646cbbcdde8470107bf4ea3bc9b362ad7e2062
inat_train,2550061053_0.jpg,2550061053,healthy,Chris Ecroyd,http://creativecommons.org/licenses/by/4.0/legalcode,Triticum aestivum L.,7b57c3c5cbc2e33d64a274c24aefb1eb8d53398d868b24ababebddcceab537ef
inat_train,2573776606_0.jpg,2573776606,healthy,Aaron Echols,http://creativecommons.org/licenses/by-nc/4.0/legalcode,Triticum aestivum L.,ae7f0e869eabf7405cdd4e9fe862da4476fad7d256f987d4b38d81fcc1792661
inat_final_test_SEALED,2573820508_0.jpg,2573820508,healthy,Matthew Thompson,http://creativecommons.org/licenses/by-nc/4.0/legalcode,Triticum aestivum L.,d956de3c287d1e841c15dcaaf4e1447df8fbb745e259f92b40171cd8d1dfda79
inat_train,2619939450_0.jpg,2619939450,healthy,dantheman135,http://creativecommons.org/licenses/by-nc/4.0/legalcode,Triticum aestivum L.,c0c4aa617bc7d8580eed30bb489c2d76c108494ea1d17974ee1b95aafd43e59a
inat_final_test_SEALED,2634010650_0.jpg,2634010650,healthy,Degtyarev Nikolai Ivanovich,http://creativecommons.org/licenses/by-nc/4.0/legalcode,Triticum aestivum L.,eb79af316e031e2f97604874beb82440db2c304a8e9f37039eb1518cc20e37eb
inat_final_test_SEALED,2634171480_0.jpg,2634171480,healthy,Robert H. Wardell,http://creativecommons.org/publicdomain/zero/1.0/legalcode,Triticum aestivum L.,d75e005f197a0c8325787f03f0c54894ec16e28be17595e7d72b8efb18b318ab
inat_final_test_SEALED,2634423428_0.jpg,2634423428,healthy,Александр Химин,http://creativecommons.org/licenses/by-nc/4.0/legalcode,Triticum aestivum L.,1b906577f90d11bcf7ec8c9029e3ebe7a810700b69b37255582d5edabd42755f
inat_train,2641419229_0.jpg,2641419229,healthy,degregorio,http://creativecommons.org/licenses/by-nc/4.0/legalcode,Triticum aestivum L.,fba5901ec14fb20ec1f3259ed0723c036ce648a0cfd0dcbb774672b064b830bc
inat_train,2641495009_0.jpg,2641495009,healthy,yellowrattle,http://creativecommons.org/licenses/by/4.0/legalcode,Triticum aestivum L.,66c47dbb8de3459ff46bc1b3d8aca4581843390026501577b5891dbe04f3dc46
inat_train,2641562416_0.jpg,2641562416,healthy,alexmakes,http://creativecommons.org/licenses/by-nc/4.0/legalcode,Triticum aestivum L.,7df7160a43ef2b023f5fb2b85069176ffa83e8fe0a027c846383ad8eb1fb357e
inat_train,2802544788_0.jpg,2802544788,healthy,robertzwb,http://creativecommons.org/licenses/by-nc/4.0/legalcode,Triticum aestivum L.,84f6970563a1cb411aa2e85a4dbfeb81c74a5d39783c03f006dd461d1386c38c
inat_final_test_SEALED,2802575932_0.jpg,2802575932,healthy,albe4894,http://creativecommons.org/licenses/by-nc/4.0/legalcode,Triticum aestivum L.,fe5a9fc8f26db7c34ed904540a69ab0b2dce5911c4efabb54f7d5b42bd8a4aed
inat_train,2802607676_0.jpg,2802607676,healthy,Gian-Andrea Catrina,http://creativecommons.org/licenses/by-nc/4.0/legalcode,Triticum aestivum L.,26dafb6dae12fe7f63be9aab307e47af0f3296df6058db35f07cfb9465ca029c
inat_train,2802661862_0.jpg,2802661862,healthy,Kyle Copas,http://creativecommons.org/publicdomain/zero/1.0/legalcode,Triticum aestivum L.,96cfb23c61466aacd2f365e53a94425f68db23dacdf4c00279a424998749ef18
inat_train,2802772086_0.jpg,2802772086,healthy,kirill_nosov,http://creativecommons.org/licenses/by-nc/4.0/legalcode,Triticum aestivum L.,6110e1f69f5f36b89ddcd63cecaa1d4f760225a2d28af01fb90c6096ab763b1c
inat_train,2802838685_0.jpg,2802838685,healthy,juliesibbring,http://creativecommons.org/licenses/by-nc/4.0/legalcode,Triticum aestivum L.,571adf5daacfb78d38000499fee9698a6a40bb45168f9df7803eee86b2f969bd
inat_train,2802923181_0.jpg,2802923181,healthy,Patos,http://creativecommons.org/licenses/by-nc/4.0/legalcode,Triticum aestivum L.,74728fe55f1c45cf4d0b187e6584af4df0f750b12bc3dbb026498fb416732dd5
inat_train,2802925564_0.jpg,2802925564,healthy,Courtney Roark,http://creativecommons.org/licenses/by-nc/4.0/legalcode,Triticum aestivum L.,61833621782b49b48458a99007bde14057603d06d9ee2cd490d2764e905616b2
inat_train,2803032163_0.jpg,2803032163,healthy,Daniel Atha,http://creativecommons.org/publicdomain/zero/1.0/legalcode,Triticum aestivum L.,7bce9f7586e55b114a60a9bb4d64289f702e5657f7f8280e357798044ba91485
inat_final_test_SEALED,2813966773_0.jpg,2813966773,healthy,Olesya Deineko,http://creativecommons.org/licenses/by-nc/4.0/legalcode,Triticum aestivum L.,569f9611e830a82ae300db1dccc616de63138dba5e69ac966920d5c06ed08222
inat_train,2813968842_0.jpg,2813968842,healthy,alena01,http://creativecommons.org/licenses/by-nc/4.0/legalcode,Triticum aestivum L.,cbe18c77dd560af400dcec92804b4cb4e43c17274f28c7256820fac25ac04a88
inat_final_test_SEALED,2814154196_0.jpg,2814154196,healthy,Degtyarev Nikolai Ivanovich,http://creativecommons.org/licenses/by-nc/4.0/legalcode,Triticum aestivum L.,89964f9939b90cf452038ba526015627aa870337bf731fdb7aa4218040c84fd0
inat_final_test_SEALED,2814181715_0.jpg,2814181715,healthy,Olesya Deineko,http://creativecommons.org/licenses/by-nc/4.0/legalcode,Triticum aestivum L.,31fa76e67733c2b5213f9237ed9353595636412898241af66b561bc194d4cd84
inat_train,2814392786_0.jpg,2814392786,healthy,Kaitlyn,http://creativecommons.org/licenses/by-nc/4.0/legalcode,Triticum aestivum L.,eddf276d19473ccdd67e08565fdac30acb2910fdf99f7202439072e3025c73d2
inat_final_test_SEALED,2814451743_0.jpg,2814451743,healthy,borgemikkelsen,http://creativecommons.org/licenses/by-nc/4.0/legalcode,Triticum aestivum L.,cc1f6bb5cd228f4ff6b6be5bf1269f965c0d3e3918e509b15225a7379d8cf74e
inat_train,2818513460_0.jpg,2818513460,healthy,Tyler Bishop,http://creativecommons.org/publicdomain/zero/1.0/legalcode,Triticum aestivum L.,77ad966c6a732b925c259ab5280b17270e29d2d037ae9fafa45ada5de4025fa4
inat_train,2818539130_0.jpg,2818539130,healthy,dasha_minakova,http://creativecommons.org/licenses/by-nc/4.0/legalcode,Triticum aestivum L.,e0e84085ee99ef497699e7098ef0e156cf3d6ccd94a461215fd1ff89a5ae412e
inat_final_test_SEALED,2818570508_0.jpg,2818570508,healthy,David Earl,http://creativecommons.org/licenses/by-nc/4.0/legalcode,Triticum aestivum L.,1fbf9d06d2dd981db7cc2b4ab974918f422ac0d86b5b82b5b10b43c18a669939
inat_train,2818693455_0.jpg,2818693455,healthy,John Boldt,http://creativecommons.org/licenses/by-nc/4.0/legalcode,Triticum aestivum L.,9aeaba438fbe8a729c9b78c87a6899dddcdd80a5db9bf58aaff6952264557988
inat_train,2818756324_0.jpg,2818756324,healthy,Nate Hartley,http://creativecommons.org/licenses/by-nc/4.0/legalcode,Triticum aestivum L.,88f3d929cf1be5a0e797219154b631d47aff9a5a2ef9c6a8c180bf523c656289
inat_train,2818764331_0.jpg,2818764331,healthy,Sean P. Myers,http://creativecommons.org/licenses/by-nc/4.0/legalcode,Triticum aestivum L.,33c9220dc2fd72f69c98d09faa41f3634d4d2737bd3e4669b603132c44708cf4
inat_train,2818764335_0.jpg,2818764335,healthy,Quinten Wiegersma,http://creativecommons.org/licenses/by/4.0/legalcode,Triticum aestivum L.,a6df5cb0107349bafe0104576bcbe329b9e97a5c43bd78a3a643ddb636ac566e
inat_final_test_SEALED,2823152687_0.jpg,2823152687,healthy,luismartinezartola,http://creativecommons.org/licenses/by-nc/4.0/legalcode,Triticum aestivum subsp. aestivum,f1630f2c761bb92ce2e6c7c5c52802d25318c72d9ccd42e10dd2875251a5124f
inat_train,2850723451_0.jpg,2850723451,healthy,Nadezhda Zelenova,http://creativecommons.org/licenses/by-nc/4.0/legalcode,Triticum aestivum L.,f5647957978e1bb57e37ed359a9730bffccff8a1b21a877666ebf5c49836fb03
inat_train,2851058016_0.jpg,2851058016,healthy,Светлана Шишкина,http://creativecommons.org/licenses/by-nc/4.0/legalcode,Triticum aestivum L.,1502b7073caf783cb7d0506db4b6501cef6e7304877be0f373da7897bd21272a
inat_train,2856677304_0.jpg,2856677304,healthy,Marina Privalova,http://creativecommons.org/licenses/by-nc/4.0/legalcode,Triticum aestivum L.,d535e396bd6b5fe96af38530560d4d34fece6567d786e867149b9e10880b987d
inat_train,2859919726_0.jpg,2859919726,healthy,Светлана Нестерова,http://creativecommons.org/licenses/by-nc/4.0/legalcode,Triticum aestivum L.,25b926ff3a7ec1d20f471199eda2479f2038caf9b5d24e064c84f7f3945d64a5
inat_final_test_SEALED,2864582441_0.jpg,2864582441,healthy,appenvin,http://creativecommons.org/licenses/by-nc/4.0/legalcode,Triticum aestivum L.,f56c0f77c9271abf090991ee79f35a5a3342b39f770aa4ca445a2c4c85240e33
inat_train,2864729425_0.jpg,2864729425,healthy,Stephen James McWilliam,http://creativecommons.org/publicdomain/zero/1.0/legalcode,Triticum aestivum L.,38e66bdc34bbaf1a3236830ca3af8229e17ce85ee7bc4cf75f195993e622d031
inat_train,2864819469_0.jpg,2864819469,healthy,petalsnow,http://creativecommons.org/licenses/by-nc/4.0/legalcode,Triticum aestivum L.,50fe2c83c619c0fb52d0b3250c31313788829bb0ac2ddc697c18c92ef4954fcd
inat_train,2868271469_0.jpg,2868271469,healthy,Татьяна Шатрова,http://creativecommons.org/licenses/by/4.0/legalcode,Triticum aestivum L.,a8cf0812b4ec418874c2520e2ab4fe21d0a82cc03c9502b393b2ec6bb73de3e5
inat_train,2898510471_0.jpg,2898510471,healthy,Dave Richardson,http://creativecommons.org/licenses/by/4.0/legalcode,Triticum aestivum L.,1c4ffd3bed8cf77f9e0d88097b5c8e8290216ee1cfbf517c0a6cff2bde7568b3
inat_final_test_SEALED,2901563616_0.jpg,2901563616,healthy,David Earl,http://creativecommons.org/licenses/by-nc/4.0/legalcode,Triticum aestivum L.,a33e2ffc3b6e444e3bf99cfaa1009495aebb140c08f0b812a928121ff654884b
inat_train,2901600459_0.jpg,2901600459,healthy,jacobhoedtlarsen,http://creativecommons.org/licenses/by-nc/4.0/legalcode,Triticum aestivum L.,3cd867a73fd1ad8bf562ed5bdefd084b9443de687c01d9aeef3b2ad8110832a9
inat_train,2901711419_0.jpg,2901711419,healthy,xiaolongnu,http://creativecommons.org/licenses/by-nc/4.0/legalcode,Triticum aestivum L.,71842f8b33a9c5ee95a7d329cb58392417fd6d180f116e201afd3cf51c74fc55
inat_train,2901802535_0.jpg,2901802535,healthy,John Boldt,http://creativecommons.org/licenses/by-nc/4.0/legalcode,Triticum aestivum L.,8a1e338f4c14abcedf60f70033476d3654bf364a4276595b83efe9bea07b968b
inat_train,2984389397_0.jpg,2984389397,healthy,Maureen Clare Murphy,http://creativecommons.org/licenses/by-nc/4.0/legalcode,Triticum aestivum L.,018e1e1b1ad38c1bf56e55297fe6be268fbc7697a5af8eb91bc72235191982e6
inat_train,3031623838_0.jpg,3031623838,healthy,Hannah Mews,http://creativecommons.org/licenses/by-nc/4.0/legalcode,Triticum aestivum L.,ebdb0799a1103ec7cbc6b9b1fdd03266ff3e9b416a5fdfa6f582f9b66afaf6e7
inat_train,3061616400_0.jpg,3061616400,healthy,Matt Schultz,http://creativecommons.org/publicdomain/zero/1.0/legalcode,Triticum aestivum L.,b9e6156c916f8f033342e8c5d7a3f084325fec054e6422a61b276f402db35088
inat_train,3070566896_0.jpg,3070566896,healthy,Francesco Tarantino,http://creativecommons.org/licenses/by-nc/4.0/legalcode,Triticum aestivum L.,c9e1e7415f71a654b08e62f14320cbb944764a605adb87b89627a8fd0006a3cf
inat_train,3113345785_0.jpg,3113345785,healthy,Bill Schur,http://creativecommons.org/licenses/by-nc/4.0/legalcode,Triticum aestivum L.,7553f172d617d4bb7f352d4984f8cd6a23d7f13407d9ffcea6a0ff427ea8fccc
inat_train,3301911102_0.jpg,3301911102,healthy,hb2000,http://creativecommons.org/licenses/by-nc/4.0/legalcode,Triticum aestivum L.,46a9639886a44367ea2c7075658e7be32ec28514a27ae122905efbcbe57f7cc0
inat_train,3302426687_0.jpg,3302426687,healthy,Aleksandr_Levon,http://creativecommons.org/licenses/by-nc/4.0/legalcode,Triticum aestivum L.,af9c228be8abc9cb1073769cccd20481a54c17f9678140356d1925c252854a3b
inat_train,3307172614_0.jpg,3307172614,healthy,Norbert Sauberer,http://creativecommons.org/licenses/by-nc/4.0/legalcode,Triticum aestivum L.,409eb302aeb974a60bdfd426e6b7ce060838a55abb68674382ed0846058e69a5
inat_train,3314237994_1.jpg,3314237994,leaf_rust,Markus Krieger,http://creativecommons.org/licenses/by/4.0/legalcode,Puccinia recondita Roberge ex Desm.,a5044ddf304a4ef4b0b0323b39408027cc1bb7e266a7dac5989296f58967bc10
inat_train,3314296085_0.jpg,3314296085,healthy,nomsheep,http://creativecommons.org/licenses/by-nc/4.0/legalcode,Triticum aestivum L.,28419181100d558dd73e2d955d6702ffee93070bf45eb7c6d0e135fdc38846c8
inat_train,3314494636_0.jpg,3314494636,healthy,vesper,http://creativecommons.org/licenses/by-nc/4.0/legalcode,Triticum aestivum L.,6f111bef133ce646e145711feb847fd9a818e2c606ddfbb81681ee199d5eb39d
inat_train,3314618558_0.jpg,3314618558,healthy,trichocereus,http://creativecommons.org/licenses/by-nc/4.0/legalcode,Triticum aestivum L.,a541a681b1b9f5bc5b17e7700d4751cb997471e4bb1a703be1480577a04290d0
inat_train,3321002351_0.jpg,3321002351,healthy,arturfakiev,http://creativecommons.org/licenses/by-nc/4.0/legalcode,Triticum aestivum L.,3bbc3da9dc67151b9550ca5f7d695fc491f3fb493e6c6d329013154b1968f3b0
inat_train,3325686550_0.jpg,3325686550,healthy,Игорь Поспелов,http://creativecommons.org/licenses/by-nc/4.0/legalcode,Triticum aestivum L.,2d1c243bcb6cc65f703b8a7a74c6a03b0313b60e01d8dad6bcf6f4ae4090f7c7
inat_train,3325835434_0.jpg,3325835434,healthy,abelkinser,http://creativecommons.org/licenses/by-nc/4.0/legalcode,Triticum aestivum L.,81442ab56e08f54f528c3644b27a10fd0d28b5a6e77cadfe9ae3635fb63c528d
inat_train,3327965032_0.jpg,3327965032,healthy,barachiel,http://creativecommons.org/licenses/by-nc/4.0/legalcode,Triticum aestivum L.,520c9fc22ba3a6ccfa23088c177039f1e9be33dae51990c69f0bf412c5d4dcbb
inat_final_test_SEALED,3328031531_0.jpg,3328031531,healthy,alinanat,http://creativecommons.org/licenses/by-nc/4.0/legalcode,Triticum aestivum L.,6ea3442688a446cc1df099514e8ac83f313b4f5fd310553703a3f34b387c313c
inat_train,3330606397_0.jpg,3330606397,healthy,Tomás Curtis,http://creativecommons.org/licenses/by-nc/4.0/legalcode,Triticum aestivum L.,a86746d2002dc628fa5e292bf81a6c25d71acb8b8ad21b5a5f4a5fdc21847470
inat_train,3330798417_0.jpg,3330798417,healthy,Gabriel Mayrhofer,http://creativecommons.org/publicdomain/zero/1.0/legalcode,Triticum spelta L.,f81159ae545f019ffa40c9dd66612da7d0e5b531a964965e668a04b24d47175f
inat_train,3333260483_0.jpg,3333260483,healthy,Maria Kohanovskaya,http://creativecommons.org/licenses/by-nc/4.0/legalcode,Triticum aestivum L.,91591230e1bb2134e1901491611aa44681bdc55baf8d11ddea74433eb3809009
inat_train,3337878157_0.jpg,3337878157,healthy,Nikolay V Dorofeev,http://creativecommons.org/licenses/by-nc/4.0/legalcode,Triticum aestivum L.,3dfd85e51d57f0ca919ca48ccdcd42c7aabb4058fd00f07326b25f46a99c22a8
inat_train,3337988803_0.jpg,3337988803,healthy,Martin A. Prinz,http://creativecommons.org/licenses/by-nc/4.0/legalcode,Triticum aestivum L.,f164b2eab7feaf97645031cba90572616a38b9f7e65603fbbfa247c493ad5045
inat_final_test_SEALED,3343893729_0.jpg,3343893729,healthy,urij777,http://creativecommons.org/licenses/by-nc/4.0/legalcode,Triticum aestivum L.,6e52df848da8203d160377f77c05626d630dd7a3d1f4c6e323d39a484fb2be5b
inat_train,3343992962_0.jpg,3343992962,healthy,tamdaisyduke06,http://creativecommons.org/licenses/by-nc/4.0/legalcode,Triticum aestivum L.,38547c9c7cf58a9f80ad5cc4ad10cc74163102c64274f76b1262145a35bf963b
inat_train,3344071505_0.jpg,3344071505,healthy,Попова Ольга,http://creativecommons.org/licenses/by-nc/4.0/legalcode,Triticum aestivum L.,af77bb057acc5488b14bbbfc95ad76a1f1cf5101b09ef3c152e75edc4fd9e8cf
inat_final_test_SEALED,3355032802_0.jpg,3355032802,healthy,Salvador Sánchez,http://creativecommons.org/licenses/by-nc/4.0/legalcode,Triticum aestivum L.,329f7d6b748b96d6ccf9564299f51484ec8996fac6bddda4a6ea94b5e8e63446
inat_final_test_SEALED,3399215554_0.jpg,3399215554,healthy,Cindy Groseth,http://creativecommons.org/licenses/by-nc/4.0/legalcode,Triticum aestivum L.,bd3cdd9b5ea4360e634005d972758fdb62f37e5416674043e38a78500a826fdb
inat_train,3415752694_0.jpg,3415752694,healthy,Юлия,http://creativecommons.org/licenses/by/4.0/legalcode,Triticum aestivum L.,51b0ac7d13bc59117cfcd76dc08f32bb25bf912c867e8d2874470d9559f6b7e4
inat_train,3415909767_0.jpg,3415909767,healthy,Daba,http://creativecommons.org/licenses/by-nc/4.0/legalcode,Triticum aestivum L.,d294b22bdb8bd7d21f8e2ae48ab1aac0aae717deee3ee3b02f71a6fdd85695d5
inat_train,3416039796_0.jpg,3416039796,healthy,Юрій Бенгус,http://creativecommons.org/licenses/by-nc/4.0/legalcode,Triticum aestivum L.,6e7c71395874acda67979ddba512e97a30eac59f1467df7644983c8ba7520386
inat_train,3455472429_0.jpg,3455472429,healthy,Tristan Haab,http://creativecommons.org/licenses/by/4.0/legalcode,Triticum aestivum L.,a093652f09870fbf632cfe254b276adc56321d35745f1ebaae3715d0ce443d4c
inat_train,3456646652_0.jpg,3456646652,healthy,Markus Krieger,http://creativecommons.org/licenses/by/4.0/legalcode,Triticum aestivum L.,0278e16338ddb04f9e7fea21676e0bcea5c12325acd0fa54d721b623682c1592
inat_train,3466310544_0.jpg,3466310544,healthy,Laura Bottoms,http://creativecommons.org/licenses/by-nc/4.0/legalcode,Triticum aestivum L.,c043a974ba93884ab491297c27bdfb17f3b7e7db3547e5e12c51f2061becc651
inat_final_test_SEALED,3743301364_0.jpg,3743301364,healthy,jillcrosthwaite,http://creativecommons.org/licenses/by/4.0/legalcode,Triticum aestivum L.,f30476f30cbfaf701c7ae0d6f9888d3c7f275e33841224ec6083dacf109eaec2
inat_final_test_SEALED,3759060609_0.jpg,3759060609,healthy,Jason Swanson,http://creativecommons.org/publicdomain/zero/1.0/legalcode,Triticum aestivum L.,7acbfa773a5332843dded579050b4a3892c2305cb7dd74de07645e319d91fc18
inat_train,3759086659_0.jpg,3759086659,healthy,Шильников Дмитрий Сергеевич,http://creativecommons.org/licenses/by-nc/4.0/legalcode,Triticum aestivum L.,ac259791dac5febfc24efa35485dccce7c01a4de7f552db4634f651068940f83
inat_train,3759091645_0.jpg,3759091645,healthy,fredenp,http://creativecommons.org/licenses/by-nc/4.0/legalcode,Triticum aestivum L.,a4aeae37cf35cbcf55e66fa1416ce0b87d15075d2f2a2fbf465e1af95ba0e6ce
inat_final_test_SEALED,3759125748_0.jpg,3759125748,healthy,Jennifer Rycenga,http://creativecommons.org/licenses/by-nc/4.0/legalcode,Triticum aestivum L.,e53e394ce98c2beba92c02d990ced160f0cdbe29477e88f429561d46b85d56b7
inat_train,3759142909_0.jpg,3759142909,healthy,hbrewer,http://creativecommons.org/licenses/by-nc/4.0/legalcode,Triticum aestivum L.,90628cb036868e74b7fd4a423cab23c371cdf656efa48b1bba00a280cd9227d9
inat_train,3759151706_0.jpg,3759151706,healthy,Joy Hoskin,http://creativecommons.org/licenses/by-nc/4.0/legalcode,Triticum aestivum L.,01fffeb65e38299884652b53daa3801890514907b04b22ffca2d139c489b8e0c
inat_train,3759177752_0.jpg,3759177752,healthy,Daniel Pohl,http://creativecommons.org/licenses/by-nc/4.0/legalcode,Triticum aestivum L.,ce4978d314a68641ca5949c226557ffbbbba31e6d4914c7d924d8012eae2f80a
inat_train,3759191591_0.jpg,3759191591,healthy,Jonathan Hughes,http://creativecommons.org/publicdomain/zero/1.0/legalcode,Triticum aestivum L.,6dc94a03b9f54101304663155091959bb618122c8fde7c5d40729b8ed14a5b34
inat_train,3759196690_0.jpg,3759196690,healthy,Jurga Motiejūnaitė,http://creativecommons.org/licenses/by-nc/4.0/legalcode,Triticum aestivum L.,3bbc4891f35e9e8d612d507c223142d7a078ee7d8effa7bfad8df5e945ffd00c
inat_final_test_SEALED,3759203565_0.jpg,3759203565,healthy,יוסף,http://creativecommons.org/licenses/by-nc/4.0/legalcode,Triticum aestivum L.,3a28bc6e2dbe0e4609daa26d5b9808c0266b464b1f586cc43365ff43b1a3ea99
inat_train,3759205564_0.jpg,3759205564,healthy,Irmela Levin,http://creativecommons.org/licenses/by-nc/4.0/legalcode,Triticum aestivum L.,4093bea21d6e958fd425a2cbe9d3ef4b08feafc70abf5401a1253c21019813c2
inat_train,3759219741_0.jpg,3759219741,healthy,Jeffrey R Pearl,http://creativecommons.org/licenses/by-nc/4.0/legalcode,Triticum aestivum L.,a723d0ce885f23e346f3dcf7f0159fb49f3210c32afb5ab0ed705e5745851f3b
inat_train,3759543625_0.jpg,3759543625,healthy,Jeff Weiss,http://creativecommons.org/licenses/by-nc/4.0/legalcode,Triticum aestivum L.,5ef0c77152a8c4b200834fef6f43a488f0463d2ed7efe2e8adbb4735e876baa6
inat_train,3759568606_0.jpg,3759568606,healthy,Jens Søgaard Hansen,http://creativecommons.org/licenses/by-nc/4.0/legalcode,Triticum aestivum L.,fff93f0cffab0e479c90e24a0ab5a75c4e052ac28aeedcc07524e7a1d900074a
inat_train,3759582671_0.jpg,3759582671,healthy,lenirak,http://creativecommons.org/licenses/by-nc/4.0/legalcode,Triticum aestivum L.,af407c2e7c93584ee3ae7c04b198303621a3a560cbf223f8cef6b298e5303bca
inat_train,3759740425_0.jpg,3759740425,healthy,ivy_4822,http://creativecommons.org/licenses/by-nc/4.0/legalcode,Triticum aestivum L.,76720650fe172a0df7e5a90e57bf45588019f33b30f243ada7fe7f1c116edbda
inat_train,3759845766_0.jpg,3759845766,healthy,Rosario Francisco,http://creativecommons.org/licenses/by-nc/4.0/legalcode,Triticum aestivum L.,373fd8cb94b00bd94ab53e31849d2710ff6a09eb9f424e769d9c464d9e1efd4f
inat_train,3759866147_0.jpg,3759866147,healthy,bobasil,http://creativecommons.org/licenses/by-nc/4.0/legalcode,Triticum aestivum L.,6e7dfe248bfc66f023096d407c7edd926027057e6f747a9740113b20f8845926
inat_train,3759876625_0.jpg,3759876625,healthy,RayStar,http://creativecommons.org/licenses/by-nc/4.0/legalcode,Triticum aestivum L.,d288ae1c9326f614382118b7d0367bb556769be5fc2a86243ccfd2b9debe1591
inat_train,3759902739_0.jpg,3759902739,leaf_rust,mtfoliveira,http://creativecommons.org/licenses/by-nc/4.0/legalcode,Puccinia recondita Roberge ex Desm.,58572ff3a0e541143ab35f8dc7cf4f89ceb696b219d1a60d897e48a1e6bec152
inat_train,3760402280_0.jpg,3760402280,healthy,CokieBauder,http://creativecommons.org/licenses/by-nc/4.0/legalcode,Triticum aestivum L.,94ce4073f6ab876e48c23b073b3d3e5661203be14710364c61f1b0f64dad8833
inat_final_test_SEALED,3764153595_2.jpg,3764153595,leaf_rust,kit king,http://creativecommons.org/licenses/by-nc/4.0/legalcode,Puccinia recondita Roberge ex Desm.,62a5eec75db2da903035abe0e94bb501814e850ab2c8f94697eddf644e35e816
inat_final_test_SEALED,3764153595_3.jpg,3764153595,leaf_rust,kit king,http://creativecommons.org/licenses/by-nc/4.0/legalcode,Puccinia recondita Roberge ex Desm.,d805515052757409b8b40faf5d6c0fec947a286b9b9c26fcf34ecf9391823e02
inat_train,3784775364_3.jpg,3784775364,septoria,Pavel Šinkyřík,http://creativecommons.org/licenses/by-nc/4.0/legalcode,Zymoseptoria tritici (Roberge ex Desm.) Quaedvl. & Crous,501547ed33cd4960861fd352aeb414dd56fe7dc6b63f076c7dd5171126efd8f5
inat_train,3784776058_0.jpg,3784776058,healthy,Helena Vlasáková,http://creativecommons.org/licenses/by-nc/4.0/legalcode,Triticum aestivum L.,40480beef2c81996c84fb7653bfc108d0a4bf141739d0a5b078e72603c5d4f56
inat_train,3802503280_0.jpg,3802503280,healthy,leijten,http://creativecommons.org/licenses/by-nc/4.0/legalcode,Triticum aestivum L.,7c6e0f4993631306e4e71270417c931b9edaace8fde90dad76b5a9e532f98d5c
inat_train,3858177269_0.jpg,3858177269,healthy,Eleanor Harrison,http://creativecommons.org/licenses/by-nc/4.0/legalcode,Triticum aestivum L.,064d6b05b32636ec6a8d871e379b78cb42fec3ec5b0ed269b7cc76ce8fca8bbc
inat_train,3858533633_0.jpg,3858533633,healthy,mymadspaniels,http://creativecommons.org/licenses/by-nc/4.0/legalcode,Triticum aestivum L.,031f94ab19e71df8336809813ef8e20e82d78e05c6abbcbbf6c86d8e36db906f
inat_final_test_SEALED,3858689523_0.jpg,3858689523,healthy,Pavel Kacl,http://creativecommons.org/licenses/by/4.0/legalcode,Triticum aestivum L.,5b601b5278c145fa5f11d25f7309a0cac9fdd286134dd640431479daa8b9cedf
inat_train,3859245270_0.jpg,3859245270,healthy,jsardell,http://creativecommons.org/licenses/by-nc/4.0/legalcode,Triticum aestivum L.,94977cff7bfd0bb087cd2c2b1957efaff5a0529ee852ed453f0dc72d406c6a2d
inat_final_test_SEALED,3859426956_0.jpg,3859426956,healthy,Gennadiy Okatov,http://creativecommons.org/licenses/by-nc/4.0/legalcode,Triticum aestivum L.,13247c5c6144a31ba224182ebe48b9b32a66a726488994bfd0aac24fec1d76b1
inat_train,3859645702_0.jpg,3859645702,healthy,malinaj,http://creativecommons.org/licenses/by-nc/4.0/legalcode,Triticum aestivum L.,f8572452631fad970a37683df21365f22d7a3cda73300b79d73b193236f24326
inat_train,3859926533_0.jpg,3859926533,leaf_rust,Ivlev-Konstantin-Sergeevith,http://creativecommons.org/licenses/by-nc/4.0/legalcode,Puccinia cerinthes-agropyrina Tranzschel,8dad1bafd2e99ae0b1d3e877fae75e058809b072a72d438e31d75cc440e3f08d
inat_train,3859969146_0.jpg,3859969146,healthy,Юрій Бенгус,http://creativecommons.org/licenses/by-nc/4.0/legalcode,Triticum aestivum L.,c9972f0dba60a6a7dd5ca62964c45a83d52e0dfd280f9ffb407f8d229dcaa63a
inat_train,3859999214_0.jpg,3859999214,healthy,trevclaret,http://creativecommons.org/licenses/by-nc/4.0/legalcode,Triticum aestivum L.,ece85c30bf57ae5d1fae59a9c92770a7b2546108298721e0e9c34d24c5c1ca84
inat_train,3860186391_0.jpg,3860186391,healthy,Serhii Koniakin,http://creativecommons.org/licenses/by-nc/4.0/legalcode,Triticum aestivum L.,4b33ba4ba37aca6b6bf48037559055f99e9de61e7c5e70eecfb58301974a5436
inat_train,3860489181_0.jpg,3860489181,healthy,Peter,http://creativecommons.org/licenses/by-nc/4.0/legalcode,Triticum aestivum L.,caf6118b0ab46053afe7eeb2794cfab60b30ea124740ae8008396dbaccf7a608
inat_train,3860669775_0.jpg,3860669775,healthy,Maria Kohanovskaya,http://creativecommons.org/licenses/by-nc/4.0/legalcode,Triticum aestivum L.,b6db88e997e4316557918cbcc43cf9ffbe2a08eca3021f73c22c432488509c47
inat_train,3872880377_0.jpg,3872880377,healthy,Jice47,http://creativecommons.org/licenses/by-nc/4.0/legalcode,Triticum aestivum L.,8e4ad4d568a6321ce7ddfb6abfe451c3d7dcb47908e2dfa4d8fc02dd1919e421
inat_train,3872903367_0.jpg,3872903367,healthy,T. Pedro Hafermann,http://creativecommons.org/publicdomain/zero/1.0/legalcode,Triticum aestivum L.,fb120f063a317495c1987f7daed72619446b871ff855585972a52d322216da5c
inat_train,3872940812_0.jpg,3872940812,healthy,Hong,http://creativecommons.org/licenses/by-nc/4.0/legalcode,Triticum aestivum L.,ce848d828a0cca53c3b69019ea95d95d5fd7faa8706c0c4358e29c6f64c7ab1a
inat_train,3872980771_0.jpg,3872980771,healthy,Vladimir Yu. Arkhipov,http://creativecommons.org/licenses/by-nc/4.0/legalcode,Triticum aestivum L.,7b03ba5fe1f76f4bee301a93966bf384308a493e13473af27edda11f43f42e98
inat_train,3872983324_0.jpg,3872983324,healthy,Nathan Peters,http://creativecommons.org/licenses/by-nc/4.0/legalcode,Triticum aestivum L.,26608b8a93bbe85fc3154cecf2a4bae27f4aee0652f0b8999f3d45954512750e
inat_train,3872985327_0.jpg,3872985327,healthy,O. Eric Ramirez Bravo,http://creativecommons.org/licenses/by-nc/4.0/legalcode,Triticum aestivum L.,5fb6f4c70c4b073a2627251d49cf17b879e5963f8e2fc4463d49a2504551e9f8
inat_train,3873003210_0.jpg,3873003210,healthy,Joshua,http://creativecommons.org/publicdomain/zero/1.0/legalcode,Triticum aestivum L.,4a56e3215acf0c33b97c25dd6837fc4a166b3158f1a73b537e7e14d05c9c025f
inat_train,3873035790_0.jpg,3873035790,healthy,Vladimir Yu. Arkhipov,http://creativecommons.org/licenses/by-nc/4.0/legalcode,Triticum aestivum L.,b492671266bc3d6ddbf7d5c34e704dd17015148856c9a05c29bb6f6b257f64ae
inat_train,3873238229_0.jpg,3873238229,healthy,guentermoeller,http://creativecommons.org/licenses/by-nc/4.0/legalcode,Triticum aestivum L.,96239a16cd1992c0b4b36a4fda87a6ce4a6ee51c84c5771c5a290b87b64cbf0e
inat_train,3873352344_0.jpg,3873352344,healthy,Andy Newman,http://creativecommons.org/licenses/by-nc/4.0/legalcode,Triticum aestivum L.,ce573a70984d4742325b305b5644b26b6e6889449e6598b4130732be0edad808
inat_final_test_SEALED,3873387337_0.jpg,3873387337,healthy,andreareid,http://creativecommons.org/licenses/by-nc/4.0/legalcode,Triticum aestivum L.,02fa685ee8b5c406411ef33048821323304b0dc066a30cc6f082c8c58da14ed7
inat_train,3873506336_0.jpg,3873506336,healthy,andromac,http://creativecommons.org/licenses/by-nc/4.0/legalcode,Triticum aestivum L.,0861a77129b02a03a86aed131af14b39ce7835cc2719d6625381e7d9b7195b3b
inat_train,3873511245_0.jpg,3873511245,healthy,alopecurus,http://creativecommons.org/licenses/by-nc/4.0/legalcode,Triticum aestivum L.,10b46a385d4eb336a2fa022ed2bf21985991f02b72eb3b7812c54256c35b534d
inat_train,3873584338_0.jpg,3873584338,healthy,simpson71,http://creativecommons.org/licenses/by-nc/4.0/legalcode,Triticum aestivum L.,e490d81a57ad4dcc3bfcad9ebfd9cf7eb972264b235d30aa33fcafd2e9273f37
inat_train,3873720368_0.jpg,3873720368,healthy,Rob Irwin,http://creativecommons.org/licenses/by-nc/4.0/legalcode,Triticum compactum Host,3e46002530e85db0ab9ad17d7cfde98938aa2f36037032e1075007aacf762ece
inat_train,3873772922_0.jpg,3873772922,healthy,Алексей Лапин,http://creativecommons.org/licenses/by-nc/4.0/legalcode,Triticum aestivum L.,b587dcb70779fcc3fa0d11e2d970be4b96f35a63e4decd8649eface2a1a87025
inat_train,3873773243_0.jpg,3873773243,healthy,Pavel K.,http://creativecommons.org/licenses/by-nc/4.0/legalcode,Triticum aestivum L.,7c34599d777b73f5b81ba7bb1617ed48f7d3bbea5a02d414247bd77d8b6fb43c
inat_train,3881474447_0.jpg,3881474447,healthy,alexiscarter,http://creativecommons.org/licenses/by-nc/4.0/legalcode,Triticum aestivum L.,bccd121224a69ed0c18fa8b535ff32500bfdfcf5e40acc81cef0616253e964e7
inat_train,3881689642_0.jpg,3881689642,healthy,Thomas Mesaglio,http://creativecommons.org/licenses/by/4.0/legalcode,Triticum aestivum L.,da26b56587f93ead1cd660e5ea29cbeae021f906ea042fd3f6eb9ed75baf3700
inat_train,3888912649_0.jpg,3888912649,healthy,Konstantin A. Shiryaev,http://creativecommons.org/licenses/by-nc/4.0/legalcode,Triticum aestivum L.,3e868f901d8739bbea40bdfdeb606d516c85229a969105abef9e3126cd9fc788
inat_train,3892401707_0.jpg,3892401707,healthy,Owen and Carol Fawcett.,http://creativecommons.org/licenses/by-nc/4.0/legalcode,Triticum aestivum L.,db1bd3282b93674e787f3f0f1dd02d64b242cc50de10a98704fcca3cb43c741e
inat_train,3912088693_0.jpg,3912088693,healthy,Urgamal Magsar,http://creativecommons.org/licenses/by/4.0/legalcode,Triticum aestivum L.,2b3c6856bba7cf6d2afaaa4dd4162c4b8eace7f4309f6dd7758e3a1d430ce0ff
inat_train,3915397534_0.jpg,3915397534,healthy,bailinator,http://creativecommons.org/licenses/by-nc/4.0/legalcode,Triticum aestivum L.,314e489f78e4e65d25f4f253077a207b3d3428561c9802659b1b106fd85f2ddf
inat_train,3923460714_0.jpg,3923460714,healthy,wintersroberr,http://creativecommons.org/licenses/by-nc/4.0/legalcode,Triticum aestivum L.,70bdbe6ce0b907a0a5e73f655a6bbbb8f28d181e22f2dbe92ba367e55801538e
inat_final_test_SEALED,3947811289_0.jpg,3947811289,healthy,rossmillermatt,http://creativecommons.org/licenses/by-nc/4.0/legalcode,Triticum aestivum L.,5f0fcf1f14a8af225d19334211d95e731e070739a06d7b19a18456e5a962ea75
inat_train,3961364462_0.jpg,3961364462,healthy,dominok,http://creativecommons.org/licenses/by-nc/4.0/legalcode,Triticum aestivum L.,f539b091f046b9dcc80e37b8c9cffeece9c93101e11e8ffda127c67cc4511c1a
inat_train,4006560979_0.jpg,4006560979,healthy,Татьяна Максимова,http://creativecommons.org/licenses/by/4.0/legalcode,Triticum aestivum L.,81aba139f7d760e6f6ef687bcca3f98bc7fe706c73df992ef959fd93cdc4dbca
inat_train,4009666467_0.jpg,4009666467,healthy,rdbone,http://creativecommons.org/licenses/by-nc/4.0/legalcode,Triticum aestivum L.,cf38f78deeec95c277e5d1ae8246e4b6f89d8c016ffbda800d76bfaa45a8d5f3
inat_train,4009681468_0.jpg,4009681468,healthy,David McCheyne,http://creativecommons.org/licenses/by-nc/4.0/legalcode,Triticum aestivum L.,f9cf47039baf9cc360481ddc5e435019942cb5ac208b4f6334efeb303c44608d
inat_train,4009705520_0.jpg,4009705520,healthy,vectoris,http://creativecommons.org/licenses/by-nc/4.0/legalcode,Triticum aestivum L.,c7ccbf9def70dba1f64fa055d358b4497b3b1632d6312fa6f895f9c549dc5221
inat_final_test_SEALED,4009764483_0.jpg,4009764483,healthy,Teresa Burdich,http://creativecommons.org/licenses/by-nc/4.0/legalcode,Triticum aestivum L.,0919cba26b86607804da9760038eba675281c62450ba5ee5446bea55a40be247
inat_final_test_SEALED,4009765555_0.jpg,4009765555,healthy,Mario Vega Pérez,http://creativecommons.org/licenses/by-nc/4.0/legalcode,Triticum aestivum L.,39cf229131dad0c0692a91e503d9e2b044dda277400ba629e649ed891aec2cdb
inat_train,4009782506_0.jpg,4009782506,healthy,kwillard,http://creativecommons.org/licenses/by-nc/4.0/legalcode,Triticum aestivum L.,1a16286b7a306208289852d82ef5698955785580d0797d86318ebe7fe8add959
inat_train,4009792473_0.jpg,4009792473,healthy,Jamie O'Neill,http://creativecommons.org/publicdomain/zero/1.0/legalcode,Triticum aestivum L.,52cec767a872056f9f0e6a393630880905d4be6bffddeefa9d3baf963eb7bfa5
inat_train,4009792584_0.jpg,4009792584,healthy,moonflower,http://creativecommons.org/licenses/by-nc/4.0/legalcode,Triticum aestivum L.,a27c3b4dd5b929e9f3cd0d42c8ceae56d3a8837eb04bd1abb10ef7e4ac49703d
inat_train,4009830448_0.jpg,4009830448,healthy,sarahbp19,http://creativecommons.org/licenses/by-nc/4.0/legalcode,Triticum aestivum L.,bc7a54f016a503c6f1ff8cc2a143b63d9ab741e1da0f4dd5f99faadba87cbcec
inat_train,4009857449_0.jpg,4009857449,healthy,gabelika,http://creativecommons.org/licenses/by-nc/4.0/legalcode,Triticum aestivum L.,e22569ea611f3be969808455603b0294b17582459ee0391025d91765fcfae912
inat_train,4009874546_0.jpg,4009874546,healthy,Aleksandr Ebel,http://creativecommons.org/licenses/by-nc/4.0/legalcode,Triticum aestivum L.,ca1cf4f780fdb43d965713b3845b817492f9450e69ab9f87cb386621eac6fe85
inat_train,4009903654_0.jpg,4009903654,healthy,ecojimmy,http://creativecommons.org/licenses/by-nc/4.0/legalcode,Triticum aestivum L.,5f6fd195d0f6b9727b5b72d1081c293425b990a5c5bb3c250b6e07abcb9e31b5
inat_train,4009945545_0.jpg,4009945545,healthy,livia_homescore,http://creativecommons.org/licenses/by-nc/4.0/legalcode,Triticum aestivum L.,9d6a4b3ffd7a68c399ea5e2f15c7dcb69825e4fb8d71d72241f58987555414b1
inat_train,4011562546_0.jpg,4011562546,healthy,Юрий Данилевский (Yuriy Danilevsky),http://creativecommons.org/licenses/by/4.0/legalcode,Triticum aestivum L.,796c60a4b999a07734bd06f0db71d16140f035cbd20ddd1d9eed922e8e646b93
inat_train,4039143525_0.jpg,4039143525,healthy,Татьяна Максимова,http://creativecommons.org/licenses/by/4.0/legalcode,Triticum aestivum L.,b337a796eb2aeb59884cc57674dd90e961fae85dfcc6e9429d601edf9f152cef
inat_train,4039238551_0.jpg,4039238551,healthy,kevster57,http://creativecommons.org/licenses/by-nc/4.0/legalcode,Triticum aestivum L.,2ead6d794d63dc3b0155f7bffcc8ff517a6bbd6a5188785619d9d39bf86b0d04
inat_train,4039322495_0.jpg,4039322495,healthy,Dick 54,http://creativecommons.org/licenses/by-nc/4.0/legalcode,Triticum aestivum L.,ee4670347cd2d76b82338c4401a4a97dddc5b2c38699a284a34fdbf7f48fee1a
inat_final_test_SEALED,4039367607_0.jpg,4039367607,healthy,ktw,http://creativecommons.org/licenses/by-nc/4.0/legalcode,Triticum aestivum L.,20885af5fd714c0f4e3c2ba29ec656e17f67def97833a61896840736dbcf9c8d
inat_train,4039414178_0.jpg,4039414178,healthy,Leonardo Hernández Escudero,http://creativecommons.org/licenses/by-nc/4.0/legalcode,Triticum aestivum L.,3dafd378be96d0c2e46903728c4f10b294d7c6afb9713cabdd57791e4121d769
inat_train,4054855457_0.jpg,4054855457,healthy,hal_,http://creativecommons.org/licenses/by-nc/4.0/legalcode,Triticum aestivum L.,40c057f304434b14f51a011fa79805710ea4d885d4ce74a51b708cd35f50d430
inat_train,4063101207_0.jpg,4063101207,healthy,Finn McGhee,http://creativecommons.org/publicdomain/zero/1.0/legalcode,Triticum aestivum L.,2092537f83890979288e7a852dad61fbd7ffe5496039e632c62a0fc41609665e
inat_train,4075720911_0.jpg,4075720911,healthy,schna,http://creativecommons.org/licenses/by-nc/4.0/legalcode,Triticum spelta L.,9068825120d7849f4ef1ebba3f83bd06843d7ab0bbf163fa03e61e813369040b
inat_train,4091841366_0.jpg,4091841366,healthy,insylin,http://creativecommons.org/licenses/by-nc/4.0/legalcode,Triticum aestivum L.,d1e23711002e2663f6d15d27aaa1854de991657860b305fb63531eb695f45c6c
inat_train,4121172757_0.jpg,4121172757,healthy,rherveille,http://creativecommons.org/licenses/by-nc/4.0/legalcode,Triticum aestivum L.,feeedf80a27c4ac3f718e7df85c8d5847d53548a76d84543664f01dae12fa84c
inat_train,4126845741_0.jpg,4126845741,leaf_rust,grinnin,http://creativecommons.org/licenses/by-nc/4.0/legalcode,Puccinia recondita Roberge ex Desm.,ffa3126576cd7443bedb17ed8978eaf83e4ef225a05e0d689947b816cd7f2bc8
inat_train,4130123567_0.jpg,4130123567,leaf_rust,frannysopranny,http://creativecommons.org/licenses/by-nc/4.0/legalcode,Puccinia recondita Roberge ex Desm.,a5cd24341395b255572ae6bc31d46c559a431be6c5129daa48e45ab9fd553d45
inat_train,4133762948_0.jpg,4133762948,healthy,marionznt,http://creativecommons.org/licenses/by-nc/4.0/legalcode,Triticum aestivum L.,34406e0bb6320b29627ad5e77aff4d88f4e94c72b26a1c0ae40681a9f4b546a5
inat_train,4134033800_0.jpg,4134033800,healthy,Мирослав Харьков,http://creativecommons.org/licenses/by-nc/4.0/legalcode,Triticum aestivum L.,bc9f0578f8602e37a40325b3aabc02cb3a4cdcbb7c5664b66ac79c1b10d29fdb
inat_train,4137713512_0.jpg,4137713512,healthy,faestone,http://creativecommons.org/licenses/by-nc/4.0/legalcode,Triticum aestivum L.,c5f8966c4a968fa84b074b0b9dd7f48530c44325b209a101d6c5a0e0ea277445
inat_final_test_SEALED,4137996201_0.jpg,4137996201,healthy,sparrowlynn,http://creativecommons.org/licenses/by-nc/4.0/legalcode,Triticum aestivum L.,b4d36bdd6ebda6f54e67f694c9e1177c5d1bc56bc58a93807598027a656e502f
inat_train,4138119908_0.jpg,4138119908,healthy,jac_qui,http://creativecommons.org/licenses/by-nc/4.0/legalcode,Triticum aestivum L.,48a678d645eac486ddb14f5864be02fbba4871af5362ec3554517eaa9ee5383e
inat_train,4138236591_0.jpg,4138236591,healthy,Arya Aras,http://creativecommons.org/licenses/by-nc/4.0/legalcode,Triticum aestivum L.,d5cb4a3da9adf838f54ddbdb19678138ecf38bfb718cf6d71d6e74ff17b24dbd
inat_train,4138312927_0.jpg,4138312927,healthy,dieselfish,http://creativecommons.org/licenses/by-nc/4.0/legalcode,Triticum aestivum L.,83547ff42db405bd51747e5689075447c85d10991107836810e1ef2bc4263d63
inat_final_test_SEALED,4138337388_0.jpg,4138337388,healthy,Thomas Koffel,http://creativecommons.org/licenses/by/4.0/legalcode,Triticum aestivum L.,b890c40edec9bab7a6e5881fc074e9715e8aa0da02d3e8b5db0dc2b49712a082
inat_train,4138507493_0.jpg,4138507493,healthy,jubeh,http://creativecommons.org/licenses/by-nc/4.0/legalcode,Triticum aestivum L.,08a9c8e346de2e14d101d895c2ebe7bb7f9a26315e5e309e04136efa65c7a6d3
inat_train,4138517837_0.jpg,4138517837,healthy,shames_s,http://creativecommons.org/licenses/by-nc/4.0/legalcode,Triticum aestivum L.,ac0b45a7961077e0bb0c70f2c04686884e8f94d2b84b7dd929c5a7c80ce9c121
inat_train,4138534346_0.jpg,4138534346,healthy,saoirse65,http://creativecommons.org/licenses/by-nc/4.0/legalcode,Triticum aestivum L.,7b6c0db5349341c28a120f029e4c64e57775a7ff49bc59d0ec0a2fa70f1b4613
inat_train,4145188550_0.jpg,4145188550,healthy,Florine,http://creativecommons.org/licenses/by-nc/4.0/legalcode,Triticum aestivum L.,025d62898442a03a642a5368bc1f9e6026c45a82dce1eaf3eb6af6c5a0e98e18
inat_final_test_SEALED,4145193520_0.jpg,4145193520,healthy,Екатерина,http://creativecommons.org/licenses/by-nc/4.0/legalcode,Triticum aestivum L.,25e89f257bc89b316da61d8d6363369a0f34569a12454b37295dbeb93c5ca9ed
inat_final_test_SEALED,4145302380_0.jpg,4145302380,healthy,Екатерина,http://creativecommons.org/licenses/by-nc/4.0/legalcode,Triticum aestivum L.,88d8406f20948b322b71e384e1d4ae8086734618546821c0dfd6203bddae7ce0
inat_final_test_SEALED,4145356814_0.jpg,4145356814,healthy,Konstantin Kostyukov,http://creativecommons.org/licenses/by-nc/4.0/legalcode,Triticum aestivum L.,a649ac5ba54d0d0ed4cb9b7b1f9dd570a2a5ea091b3e6ab082810e05fab2c73c
inat_train,4153385640_0.jpg,4153385640,healthy,jjjambo,http://creativecommons.org/licenses/by-nc/4.0/legalcode,Triticum aestivum L.,d2e0473b4d38c97215ad522185302a7b3ae7eecd8a143a3e54b876f5c9ff34b4
inat_train,4153616661_0.jpg,4153616661,healthy,essaxgal,http://creativecommons.org/licenses/by-nc/4.0/legalcode,Triticum aestivum L.,a281483e759e457fdad69d4434bc5cb14a72dd592d85f9056ba1360e65608af3
inat_train,4154019430_0.jpg,4154019430,healthy,Olga Biryukova,http://creativecommons.org/licenses/by-nc/4.0/legalcode,Triticum aestivum L.,b3a1b07f23bb24b32305170ec037905bdbbd2d9a2c62d06f4fa9abd122e1beeb
inat_final_test_SEALED,4162375608_0.jpg,4162375608,healthy,Matt Welter,http://creativecommons.org/licenses/by-nc/4.0/legalcode,Triticum aestivum L.,3d28f9edb1ea9de22eacbc450bec311406f2e0a4497c3de206ba7def46af9dd2
inat_train,4165380667_0.jpg,4165380667,healthy,jeclerencia,http://creativecommons.org/licenses/by-nc/4.0/legalcode,Triticum aestivum L.,6f3c7e63dcc3c19155f080324ac4e885f2f610d00b6bd0c1d726c2d83b6da643
inat_final_test_SEALED,4165556874_0.jpg,4165556874,healthy,Jon Mortin,http://creativecommons.org/licenses/by/4.0/legalcode,Triticum aestivum L.,ca5a35d30ae2a6c99b49fe177c5df3c1215794d07b83cb20ebccb3f0dbe6259a
inat_final_test_SEALED,4165607561_0.jpg,4165607561,healthy,Kai-Philipp Schablewski,http://creativecommons.org/licenses/by-nc/4.0/legalcode,Triticum aestivum L.,7fceaa1d4c652abe0bff4d29d208a7925bb0a4299714dc6f0c36754e8207577d
inat_train,4171178926_0.jpg,4171178926,healthy,englehardt,http://creativecommons.org/licenses/by-nc/4.0/legalcode,Triticum aestivum L.,7d6c300aea53dfb5f2b3deefabf98eda7a92339c8451ad74f526cb603cc4bc5a
inat_final_test_SEALED,4171478090_0.jpg,4171478090,healthy,Henry Miller,http://creativecommons.org/licenses/by/4.0/legalcode,Triticum aestivum L.,4093ae0d370bb2cb5a57a7c6518dcb9e4d6078a2acde8d118f043bb7b070a63d
inat_train,4171666189_0.jpg,4171666189,healthy,franktl,http://creativecommons.org/publicdomain/zero/1.0/legalcode,Triticum aestivum L.,4c98443e3dcbca03b603d7ac0f02dd26e1bf7ef6dd5bde1fb77bc9dceca540f4
inat_train,4177089472_0.jpg,4177089472,healthy,Надежда Уразова,http://creativecommons.org/licenses/by-nc/4.0/legalcode,Triticum aestivum L.,7751327fad18271ee75ee1a505a484afacf20b1bc75da5c48e00a9147d4a682a
inat_final_test_SEALED,4177219930_0.jpg,4177219930,healthy,e_suhanova,http://creativecommons.org/licenses/by-nc/4.0/legalcode,Triticum aestivum L.,395d6b7846dcf9f1b009525a595049468f319dc20ea34c0a90c278613d0117c9
inat_train,4399889682_0.jpg,4399889682,healthy,Michal Svit,http://creativecommons.org/licenses/by-nc/4.0/legalcode,Triticum aestivum L.,e50d03d86b5089d1282076f098c5d64ee170d49f8548b0a71b4457d77bd22ec1
inat_final_test_SEALED,4399957593_0.jpg,4399957593,healthy,abbeybiard,http://creativecommons.org/licenses/by-nc/4.0/legalcode,Triticum aestivum L.,caae0a871c04d40feb7f8f24cc803b1f8077814ba79f3faea14ee6345b5b17a5
inat_final_test_SEALED,4399990465_0.jpg,4399990465,healthy,Emma,http://creativecommons.org/licenses/by-nc/4.0/legalcode,Triticum aestivum L.,50541b08ba7b781e645f048c1dd3dc9a964dc55cbd8bc98da0df1d40a4b64b13
inat_train,4399993672_0.jpg,4399993672,healthy,evelinabilashova,http://creativecommons.org/licenses/by-nc/4.0/legalcode,Triticum aestivum L.,78de98f1a5eb953e539ae1201d8213ff6f452c502f3861c4a9dd6f9f29772019
inat_train,4400059811_0.jpg,4400059811,healthy,Dragonfyre,http://creativecommons.org/licenses/by-nc/4.0/legalcode,Triticum aestivum L.,f22ea7120861e4e9d7c501da3ab908b15b09c6619d36988b4753462986e86060
inat_final_test_SEALED,4400074713_0.jpg,4400074713,healthy,Johannes Hassi Hassler,http://creativecommons.org/licenses/by-nc/4.0/legalcode,Triticum aestivum L.,d4b5aced1de6cb2dd50a1873ae06f6a3721607481fb92121a11e74dc759c3bb1
inat_train,4400082197_0.jpg,4400082197,healthy,mcorner,http://creativecommons.org/licenses/by-nc/4.0/legalcode,Triticum aestivum L.,8d9ce695df7424ae4d58fb099a4319e274eaaee9c07c734fbf30ec67e14e83e7
inat_final_test_SEALED,4400106669_0.jpg,4400106669,healthy,Vix206,http://creativecommons.org/licenses/by-nc/4.0/legalcode,Triticum aestivum L.,698d7ed49a7333050b497206085e4ea75ac9360f25a5c8b060c820c40ab0e60f
inat_train,4400147711_0.jpg,4400147711,healthy,fayeg77,http://creativecommons.org/licenses/by-nc/4.0/legalcode,Triticum aestivum L.,aaa332c725c57d67cd3f1293215b927d0457cd020a77589220f58168228e3760
inat_final_test_SEALED,4400151423_0.jpg,4400151423,healthy,riivet,http://creativecommons.org/licenses/by-nc/4.0/legalcode,Triticum aestivum L.,ce61d2ee532dec15af2432ec05fb334f477a36f0d3e210346328353dda73099c
inat_train,4400187457_0.jpg,4400187457,healthy,Jan Skouv,http://creativecommons.org/licenses/by-nc/4.0/legalcode,Triticum aestivum L.,d1c17882149159629ccb3e9b5385206a1ca2550fe2389ae56ac6094de79c8f8c
inat_train,4400255554_0.jpg,4400255554,healthy,bugalugs,http://creativecommons.org/licenses/by-nc/4.0/legalcode,Triticum aestivum L.,55baece3a14045e12538a8bdfe5ac7089f251598b66d45f1464f11822945d534
inat_train,4400441500_0.jpg,4400441500,healthy,talmargalit,http://creativecommons.org/licenses/by-nc/4.0/legalcode,Triticum aestivum L.,6c3ec233ec1b930e15a6c97d8126e25872b164824c56f82f9d2450b231f09139
inat_final_test_SEALED,4400448463_0.jpg,4400448463,healthy,niwo_photography,http://creativecommons.org/licenses/by-nc/4.0/legalcode,Triticum aestivum L.,538c5f7f075e485fe7d3cd77d459146935d832107426ab519d9b928df833c3de
inat_train,4413420158_0.jpg,4413420158,healthy,richtigger,http://creativecommons.org/licenses/by-nc/4.0/legalcode,Triticum aestivum L.,cd63afc77c434c3ac0a031c3c6f7cd514ca894a9b97e6b61b5994e941440c3da
inat_train,4413999232_0.jpg,4413999232,healthy,kkingart,http://creativecommons.org/licenses/by-nc/4.0/legalcode,Triticum aestivum L.,312e3bca890aafdf6b422d7e40942951022e8d8c4bb7f973dadf0a537af4221e
inat_train,4414345052_0.jpg,4414345052,healthy,Aleksandr Ebel,http://creativecommons.org/licenses/by-nc/4.0/legalcode,Triticum aestivum L.,45e5fc501666e70e8fdc247b65b185dfa0e03aa98d9b4921648f604212423461
inat_train,4424141659_0.jpg,4424141659,healthy,Martinho-Fiz López Lindoso,http://creativecommons.org/licenses/by-nc/4.0/legalcode,Triticum aestivum L.,1c89a0c6efccb71c8d4b1061339bddff393abe2073a6d24c9661b0e3b1cb6ee4
inat_train,4430775970_0.jpg,4430775970,stem_rust,Pavel Šinkyřík,http://creativecommons.org/licenses/by-nc/4.0/legalcode,Puccinia graminis Pers.,fb0cd14e00dbe0f63664bfe709f0935af02322b299074d49e7fc3301657caefb
inat_train,4436103432_0.jpg,4436103432,healthy,Jacqueline Worthington,http://creativecommons.org/licenses/by/4.0/legalcode,Triticum aestivum L.,0fade7dd017850b48c23de0f30582ad40775618ad03edb203aa32ba76737ae7f
inat_train,4436371408_0.jpg,4436371408,healthy,andy1efc,http://creativecommons.org/licenses/by-nc/4.0/legalcode,Triticum aestivum L.,d92dfedc0615f502db0e4b70e72977c90feed0318b004b94cea9e41bd04cf889
inat_final_test_SEALED,4438986463_0.jpg,4438986463,healthy,Konstantin Romanov,http://creativecommons.org/licenses/by-nc/4.0/legalcode,Triticum aestivum L.,7249c96407a8ce6c81288150d691ee52debed3c76646537f279ffe3491dedc89
inat_train,4440855432_0.jpg,4440855432,healthy,SwissKiwi,http://creativecommons.org/licenses/by-nc/4.0/legalcode,Triticum aestivum L.,0f9599567036c7ce1dd5c34b7e34a34b54288efce82d4c7fbbdd35352bc11e19
inat_final_test_SEALED,4453943683_0.jpg,4453943683,healthy,flowersandbugsandstuff,http://creativecommons.org/licenses/by-nc/4.0/legalcode,Triticum aestivum L.,47704e0a9933c057957c1bf61dd7a8d04d4bb828919544c581fdd34a72a68337
inat_train,4465507240_0.jpg,4465507240,powdery_mildew,Tamás Klózer,http://creativecommons.org/licenses/by-nc/4.0/legalcode,Blumeria graminis (DC.) Speer,20341ddde8b801d4366929e183f7198a98123fb9c6728002194734986b206480
inat_train,4500816903_0.jpg,4500816903,healthy,John Barkla,http://creativecommons.org/publicdomain/zero/1.0/legalcode,Triticum aestivum L.,2acb3fee6d9b62c13acae5b8163663163c381c167bf8d092c63dfc61c1134b93
inat_train,4506231985_0.jpg,4506231985,leaf_rust,Jared Shorma,http://creativecommons.org/licenses/by/4.0/legalcode,Puccinia recondita Roberge ex Desm.,6dc9c913c655b057b950d3dafeb781ec14552b73dcbeee4f50f55d125d494ca1
inat_train,4512096972_0.jpg,4512096972,healthy,Zeke Marshall,http://creativecommons.org/licenses/by/4.0/legalcode,Triticum aestivum L.,9aeb1708dd2884f74f137b4a36a51bf3ddfbeb28ee848fc753d606187a085748
inat_train,4516158221_0.jpg,4516158221,healthy,nastya___bogdanova,http://creativecommons.org/licenses/by-nc/4.0/legalcode,Triticum aestivum L.,a6ce62b09a81f8ad95a60933776f955141060faa04aa41324b89ecd048573e81
inat_train,4516251053_1.jpg,4516251053,powdery_mildew,Pavel Šinkyřík,http://creativecommons.org/licenses/by-nc/4.0/legalcode,Blumeria graminis (DC.) Speer,c1e3d9d412d4a379726d0489158bf562dc4cac8020d446a92b23cc357c40f069
inat_train,4522466489_1.jpg,4522466489,powdery_mildew,Jie-Hao Ou,http://creativecommons.org/licenses/by/4.0/legalcode,Blumeria graminis (DC.) Speer,f453ba7df23ef497a65d804d58ddead9cfff288c6ab8371a2946ef7e6f2f479b
inat_train,4525037622_0.jpg,4525037622,healthy,Max Allen,http://creativecommons.org/licenses/by-nc/4.0/legalcode,Triticum aestivum L.,8f614d42449282b2f428ceff68e7e0ce2ab1b90a069770297afaebd468114557
inat_train,4535609225_0.jpg,4535609225,healthy,mariakythreotou,http://creativecommons.org/licenses/by-nc/4.0/legalcode,Triticum aestivum L.,b854a10541beac73a7b53c86423a50a157180e53f09c3c79bcbac80be6dba6e4
inat_train,4597368871_0.jpg,4597368871,healthy,michael0320,http://creativecommons.org/licenses/by-nc/4.0/legalcode,Triticum aestivum L.,8ff266ae7957d302b4681bef7afc2d4d38fe5c6f253c5087fb138b856efcd4c3
inat_final_test_SEALED,4599956864_0.jpg,4599956864,healthy,Saumitra Kelkar,http://creativecommons.org/licenses/by-nc/4.0/legalcode,Triticum aestivum L.,8287da8036ec6494415a12f6ee7fc6d882ae04c43c62a05c5d8a53885bdef978
inat_train,4606668560_0.jpg,4606668560,healthy,greenbowski,http://creativecommons.org/licenses/by-nc/4.0/legalcode,Triticum aestivum L.,4555b6eb755d8af522acef926f88d3e5e1b1c1cd9c21f132f1342644d7a95ae0
inat_train,4606977735_0.jpg,4606977735,healthy,Павел Сущинский,http://creativecommons.org/licenses/by-nc/4.0/legalcode,Triticum aestivum L.,0b1d3bbd3b79fe77c52391a4aa98d105e193de513d28bc125fd71c539728f285
inat_train,4852539056_0.jpg,4852539056,healthy,Igor Kuzmin,http://creativecommons.org/licenses/by-nc/4.0/legalcode,Triticum aestivum L.,34dde6f68bf6247d818dcee48d06fbbe206978213b76fded882e1a3cb6039c32
inat_train,4852978911_0.jpg,4852978911,healthy,faluke,http://creativecommons.org/licenses/by-nc/4.0/legalcode,Triticum aestivum L.,f2c9f3c8ee6a742e953e9df38356895f1b8cc2679b80c267a19d3f0ea0ccd134
inat_train,4854953540_0.jpg,4854953540,healthy,JVoelz,http://creativecommons.org/licenses/by-nc/4.0/legalcode,Triticum aestivum L.,5c4b67d2c72a7c16da5e0de6392bd1f1919dbca4d1b79b6a3107546ce4264528
inat_train,4855075404_0.jpg,4855075404,healthy,kamedaphor,http://creativecommons.org/licenses/by-nc/4.0/legalcode,Triticum aestivum L.,41703192b1416c8d0bffd0cc936c43bd350af1a8d9384123985618d39b555ae8
inat_train,4863716577_0.jpg,4863716577,healthy,Marco Castañeda,http://creativecommons.org/licenses/by-nc/4.0/legalcode,Triticum aestivum L.,ae49879a31ad0ed13a4b22e6c3484f53bc47c218906985692ce325084bd01b65
inat_train,4867615170_0.jpg,4867615170,healthy,Tuero,http://creativecommons.org/licenses/by-nc/4.0/legalcode,Triticum aestivum L.,44cfd7816aa410ad410debb1aa1bff17ce29081dc9911494292f6c06dcc0293e
inat_final_test_SEALED,4867758449_2.jpg,4867758449,leaf_rust,Taye Bright,http://creativecommons.org/licenses/by-nc/4.0/legalcode,Puccinia recondita Roberge ex Desm.,c7825e51b4184b2034f62300d66b3197fe3f3c28af35b6ddc5f50790d23c7626
inat_final_test_SEALED,4867758449_3.jpg,4867758449,leaf_rust,Taye Bright,http://creativecommons.org/licenses/by-nc/4.0/legalcode,Puccinia recondita Roberge ex Desm.,c1adfe212fb40b34a50bac37e2bffda0f11c08ece4253cf9939f2c079871e6e0
inat_train,4872022837_0.jpg,4872022837,stem_rust,mircogruppi,http://creativecommons.org/licenses/by-nc/4.0/legalcode,Puccinia graminis Pers.,50bd39343ee96a7ecb6a68e3aac53b6a3d0c11c0e786a4b663d76faaaac4a8e7
inat_train,4872129262_0.jpg,4872129262,healthy,saoirse65,http://creativecommons.org/licenses/by-nc/4.0/legalcode,Triticum aestivum L.,daa1176640a2c99b9a260271a89fda5a26518ac2d97806f8a719a584636f7a8b
inat_train,4872287179_0.jpg,4872287179,healthy,W Rao,http://creativecommons.org/licenses/by/4.0/legalcode,Triticum aestivum L.,85079ad6cc828d03280158d17eb36dcad60e0030d5e9f9fc867049f79bfb89f0
inat_train,4872424015_0.jpg,4872424015,healthy,carnifex,http://creativecommons.org/publicdomain/zero/1.0/legalcode,Triticum aestivum L.,e00e8ca1cbcf7487c2d92ab572abd1c9407d55cacc18a6651623402c6e289304
inat_train,4872655777_0.jpg,4872655777,healthy,crothfels,http://creativecommons.org/publicdomain/zero/1.0/legalcode,Triticum aestivum L.,4c80b8f5793dca69ec5173fadf08056a986f4304c70775c71932d37b9f2ea945
inat_train,4874989435_0.jpg,4874989435,healthy,dianarybak,http://creativecommons.org/licenses/by-nc/4.0/legalcode,Triticum aestivum L.,5eecff5bc01a8598c41a6360e6d6e294ebca6bd803678dd94e89d44a44f98a3b
inat_final_test_SEALED,4874989868_0.jpg,4874989868,healthy,Andrius Kubilius,http://creativecommons.org/licenses/by-nc/4.0/legalcode,Triticum aestivum L.,7d9a80115fbe661dfa76ae7206dee0339299cd78b45e18459e23260243885210
inat_train,4875230456_0.jpg,4875230456,healthy,slbringm,http://creativecommons.org/licenses/by-nc/4.0/legalcode,Triticum aestivum L.,0e4a285dfe84d9b90c5f446fba82ac46f92b93677308492d76b6001fc1c76c1a
inat_train,4875446019_0.jpg,4875446019,healthy,ogwi,http://creativecommons.org/licenses/by-nc/4.0/legalcode,Triticum aestivum L.,8a12c1bdf2e7f6d49515e2d85631f643aa98645ea03799f385ef54375f3d36ce
inat_train,4875569335_0.jpg,4875569335,healthy,willem9,http://creativecommons.org/licenses/by-nc/4.0/legalcode,Triticum aestivum L.,62ca38e54e59ce5a6bd05c105333bbe7ace181ed65f1c33993b08bb89ffc3226
inat_train,4875592186_0.jpg,4875592186,healthy,Gino Brignoli,http://creativecommons.org/publicdomain/zero/1.0/legalcode,Triticum aestivum L.,693d5a01425dc97ce64449c466b0a576f18cb4971554aef165e43385eadea3bc
inat_final_test_SEALED,4892099945_0.jpg,4892099945,healthy,Stuart,http://creativecommons.org/publicdomain/zero/1.0/legalcode,Triticum aestivum L.,e7c1adc3c385919a6d47dacc70920132d3b396f6775613e55d07334922a387ee
inat_train,4900840632_0.jpg,4900840632,healthy,kspitze,http://creativecommons.org/licenses/by-nc/4.0/legalcode,Triticum aestivum L.,057d8537d5acf41dd9f37a4d3d39e4b354e5936e37243935975d513fee01e2b2
inat_train,4900852670_0.jpg,4900852670,healthy,saskaa79,http://creativecommons.org/licenses/by-nc/4.0/legalcode,Triticum aestivum L.,c94fed794e921d9c7e778d4e608697fd55bf058023c07a91fc0de8d5c855bbb6
inat_train,4900855007_0.jpg,4900855007,healthy,Eric Cormier,http://creativecommons.org/licenses/by-nc/4.0/legalcode,Triticum aestivum L.,4a03b1e2fb8667a24dbcd6afad114835b1712e723d2d8a08a6e944d926aef984
inat_train,4900855907_0.jpg,4900855907,healthy,mogr,http://creativecommons.org/licenses/by-nc/4.0/legalcode,Triticum aestivum L.,e2153d2ca37f93bd2d78e6d1778b87859416df3e25b5e7fe1379a0b097b3f9ab
inat_final_test_SEALED,4900856896_0.jpg,4900856896,healthy,theycallmelynx,http://creativecommons.org/licenses/by-nc/4.0/legalcode,Triticum aestivum L.,e96f055559dbfd75c3a575fa4d9c7a5e027e537e82e3abd9e902d0facf338f75
inat_train,4900870503_0.jpg,4900870503,healthy,QuiverheartDave,http://creativecommons.org/licenses/by-nc/4.0/legalcode,Triticum aestivum L.,d238c1ca5d39959797f0d93c719b3306716523a60a768a56a109eedf3eea1ce9
inat_final_test_SEALED,4900873759_0.jpg,4900873759,healthy,Andrew Tadross,http://creativecommons.org/licenses/by-nc/4.0/legalcode,Triticum aestivum L.,4a49968cd1a27817d71d3115472feeefea4cc2cd95523c80ad9fd4022649f242
inat_train,4900877001_0.jpg,4900877001,healthy,Mintar,http://creativecommons.org/licenses/by-nc/4.0/legalcode,Triticum aestivum L.,8e9bde0fb8587d0ff75d95b3b4cc3c4a482c4c85aff17bea13a7f5644cef242b
inat_final_test_SEALED,4900887267_0.jpg,4900887267,healthy,eoune808,http://creativecommons.org/licenses/by-nc/4.0/legalcode,Triticum aestivum L.,cbe8b0ff0bb5512d5b6706a7586878352f8d68800ba44d51ae682ccd34cf0a82
inat_train,4900892264_0.jpg,4900892264,healthy,hayden88,http://creativecommons.org/licenses/by-nc/4.0/legalcode,Triticum aestivum L.,76ad6adffa35cdb8e07f7216347befebc00dcc1266a551b2f5e642217b7f4c6c
inat_train,4900905687_0.jpg,4900905687,healthy,Tony Ernst,http://creativecommons.org/licenses/by-nc/4.0/legalcode,Triticum aestivum L.,368c410c9c2b1d7a99be50f9d1294ef69506275e6b3661328471594e81e2ce3a
inat_train,4900939676_0.jpg,4900939676,healthy,pocahontas7780,http://creativecommons.org/licenses/by-nc/4.0/legalcode,Triticum aestivum L.,5d786772883cb16557b68a0752508302cb48b7b6ec04679daf6a9f4d9040d777
inat_train,4900942928_0.jpg,4900942928,healthy,ariinthewild,http://creativecommons.org/licenses/by-nc/4.0/legalcode,Triticum aestivum L.,a831efe371ba67b53dad6d78b86007575b587447aa62454b30ae100a0dfa3f17
inat_train,4900952315_0.jpg,4900952315,healthy,vesper,http://creativecommons.org/licenses/by-nc/4.0/legalcode,Triticum aestivum L.,a6771879671b28682aeec1094f14c3355c3987a006f4e013469a8b6e818ac1bb
inat_train,4900953433_0.jpg,4900953433,healthy,Karol Łanocha,http://creativecommons.org/licenses/by-nc/4.0/legalcode,Triticum aestivum L.,6c53946a8211a4394e8c48629c98f77de6a20d5336d4a4b9f9b0c2477a459a51
inat_final_test_SEALED,4900954521_0.jpg,4900954521,healthy,datafoya2314,http://creativecommons.org/licenses/by-nc/4.0/legalcode,Triticum aestivum L.,d31a65c305ed5ea71d90e27e17944e7b2caa4b2ecc2cc130721c632de21714f1
inat_train,4900968122_0.jpg,4900968122,healthy,Michal Ducháček,http://creativecommons.org/licenses/by-nc/4.0/legalcode,Triticum aestivum L.,83235950eb1bc494ca6f819cd08e04c690cceb76239d3eb7c996bf865b92244d
inat_train,4900977830_0.jpg,4900977830,healthy,David McCorquodale,http://creativecommons.org/licenses/by/4.0/legalcode,Triticum aestivum L.,f1b684101224aa467b78fc8fbe0d0d9da421be40588e897e639755c0698f7aad
inat_train,4900988179_0.jpg,4900988179,healthy,calebcam,http://creativecommons.org/licenses/by-nc/4.0/legalcode,Triticum aestivum L.,cf8434d7b8fa3176e6b8d9c839a40045eb91461e7f119d2d1e513786005df190
inat_train,4900999858_0.jpg,4900999858,healthy,David,http://creativecommons.org/licenses/by-nc/4.0/legalcode,Triticum aestivum L.,dd5a6b4b9716b71ad6ae12a37f97fb9fe6127b5f469b0d115b3d8fee1f80a545
inat_train,4901013312_0.jpg,4901013312,healthy,Michal Svit,http://creativecommons.org/licenses/by-nc/4.0/legalcode,Triticum aestivum L.,16b9ad8699344765988b83ea0974e6e066bcbddf24a3d53d2f85a7b7d33d6af1
inat_train,4901027421_0.jpg,4901027421,healthy,Kat Halsey,http://creativecommons.org/licenses/by-nc/4.0/legalcode,Triticum aestivum L.,1cba08d7a209244bf3baaa599bfdd9e98bafeea213d6fa58aecbd7b5aadad63d
inat_train,4901049981_0.jpg,4901049981,healthy,jsiegle_blackmo,http://creativecommons.org/licenses/by-nc/4.0/legalcode,Triticum aestivum L.,3162d29d9fceba0246433d8fff9474738008d2f9153d59249b9d09c62d3c64b1
inat_train,4901074478_0.jpg,4901074478,healthy,chasccoxgmail,http://creativecommons.org/licenses/by-nc/4.0/legalcode,Triticum aestivum L.,39b6fbf3814c6aef8af72b574d8b96dbf97804c9cce75589a2d65479a10f4bd7
inat_train,4901074488_0.jpg,4901074488,healthy,Alex Karasoulos,http://creativecommons.org/publicdomain/zero/1.0/legalcode,Triticum aestivum L.,58bee8ef46e998f16c35787195fd517f807f8e4975bf536301331146360786d6
inat_train,4901091466_0.jpg,4901091466,healthy,AHIOH,http://creativecommons.org/licenses/by/4.0/legalcode,Triticum aestivum L.,ecdcd25fbbbea186e4069dc95d7bea126da487b1f4123a89e3ea38d255b7a4ae
inat_train,4901091662_0.jpg,4901091662,healthy,James,http://creativecommons.org/licenses/by-nc/4.0/legalcode,Triticum aestivum L.,079b08e3ecdebcd5c68aa349596b0a6d82a487809650385c148b66bef99252b9
inat_final_test_SEALED,4901101674_0.jpg,4901101674,healthy,carbonyte,http://creativecommons.org/licenses/by-nc/4.0/legalcode,Triticum aestivum L.,f4d4967c31e74892fad7a6f016a93a24d4b6e3c3df2747d589cd4d3a06e23592
inat_train,4901102278_0.jpg,4901102278,healthy,ragex83,http://creativecommons.org/licenses/by-nc/4.0/legalcode,Triticum aestivum L.,e9ef98efc74ff7891f6101a5c561f6be375a4fb2a30f6b9f438557be3021e788
inat_train,4901106100_0.jpg,4901106100,healthy,askal,http://creativecommons.org/licenses/by-nc/4.0/legalcode,Triticum aestivum L.,d97478ddaa5f9edb55ff12f359a11d65d03161a4b5327370e3bf416b95c1b43a
inat_final_test_SEALED,4901123066_0.jpg,4901123066,healthy,stvs,http://creativecommons.org/licenses/by-nc/4.0/legalcode,Triticum aestivum L.,a25821d1bbbd3bbebcc0f1fc42a7c035da1a084a0847ee9cceca7bbacae9cdd5
inat_train,4901124730_0.jpg,4901124730,healthy,hawkhawk,http://creativecommons.org/licenses/by-nc/4.0/legalcode,Triticum aestivum L.,1f87d9f2bfbb7b46861b317dbe7c8288daef5517d153d28b9263264b7a0085eb
inat_train,4901124812_0.jpg,4901124812,healthy,matthewb75,http://creativecommons.org/licenses/by-nc/4.0/legalcode,Triticum aestivum L.,d4046042b3d1c10c0a002dacc749288130077c94e6632c81047d9762a493fecf
inat_train,4901126134_0.jpg,4901126134,healthy,Nicolas Noé,http://creativecommons.org/publicdomain/zero/1.0/legalcode,Triticum aestivum L.,b477b905d1c3cb10b223f1b048c167ec9110662f92a27d5beb0657a42dfc4033
inat_train,4901149970_0.jpg,4901149970,healthy,oly19,http://creativecommons.org/licenses/by-nc/4.0/legalcode,Triticum aestivum L.,8599e3b6c81b5885c713a4252fd553310a617dd730a40f834e857c9dea3cbcb4
inat_train,4901169952_0.jpg,4901169952,healthy,Quinten Wiegersma,http://creativecommons.org/licenses/by/4.0/legalcode,Triticum aestivum L.,80e2b75e791127d2325c9411669afb9e2b72ff6c17e169b9abe6831f1d5d44a6
inat_final_test_SEALED,4901172988_0.jpg,4901172988,healthy,cmoravitz,http://creativecommons.org/licenses/by-nc/4.0/legalcode,Triticum aestivum L.,a91b140270f22a94c860233c9d42c476b26cef9a638b998128eae3050dee66d3
inat_train,4901181274_0.jpg,4901181274,healthy,François Rousseu,http://creativecommons.org/publicdomain/zero/1.0/legalcode,Triticum aestivum L.,77e58bfad2f2eb96a169a3d3a544fd2b2fab0702cd8aa0455a7bc44a028fd4a1
inat_train,4901196991_0.jpg,4901196991,healthy,Irvin Louque,http://creativecommons.org/licenses/by/4.0/legalcode,Triticum aestivum L.,30391f002b339f3f1a11bcedf2ca7688235283e74c0d40562d498e59e3b2f85f
inat_train,4901215110_0.jpg,4901215110,healthy,Karsten Mody,http://creativecommons.org/licenses/by-nc/4.0/legalcode,Triticum aestivum L.,c0ebb34df97427cb0330fec5ab0a567a4a9ce4e7443e29d5f069f1871483ef5f
inat_final_test_SEALED,4901230710_0.jpg,4901230710,healthy,Kristen Rose,http://creativecommons.org/licenses/by-nc/4.0/legalcode,Triticum aestivum L.,098ee30708bbc3e5ae1cb2c9ff9277c141c03ab0969551c5dad756a7f4a3c924
inat_train,4901267935_0.jpg,4901267935,healthy,Larry Chen,http://creativecommons.org/licenses/by-nc/4.0/legalcode,Triticum aestivum L.,21cf59a67d464d06d51687e7c7ef54dc868e6e55cf50e214ce75c418fe0b653e
inat_train,4901290093_0.jpg,4901290093,healthy,Charlotte Jones,http://creativecommons.org/licenses/by/4.0/legalcode,Triticum aestivum L.,62a4421c3f7774a58f7076a830ba64fa5df2fe36f93e28ccfaf9a5c7e563a2eb
inat_train,4901320491_0.jpg,4901320491,healthy,Lee Thomas,http://creativecommons.org/licenses/by-nc/4.0/legalcode,Triticum aestivum L.,c1da38d557adba34f89152e4895d12ff1638a460f4925497b9b812065f32517a
inat_train,4901320798_0.jpg,4901320798,healthy,mmeschko,http://creativecommons.org/licenses/by-nc/4.0/legalcode,Triticum aestivum L.,0f5d00525caa94fcdc09993db9613a54615191c824a96274b9524ec20dbb6081
inat_train,4901321304_0.jpg,4901321304,healthy,andyhr,http://creativecommons.org/licenses/by-nc/4.0/legalcode,Triticum aestivum L.,f4706bfa559e56e0cb3877a750737ab1056a98d0d5a301833c38059f0145796b
inat_train,4901346837_0.jpg,4901346837,healthy,alfontaine,http://creativecommons.org/licenses/by-nc/4.0/legalcode,Triticum aestivum L.,38c1cbd5f7f79851615260af76584083f8ef752f0f8e80955dac66e7c7765f12
inat_train,4901355965_0.jpg,4901355965,healthy,pywacket1952,http://creativecommons.org/licenses/by-nc/4.0/legalcode,Triticum aestivum L.,3b4d87ac063a5d18a9d6790eb0f1e840c7949801b2f81581cdad79f4f9a63ea5
inat_train,4901359805_0.jpg,4901359805,healthy,fancysachi,http://creativecommons.org/licenses/by-nc/4.0/legalcode,Triticum aestivum L.,ed9974ad3bd15391db879c73fae376cabebb4e8b2e7615f180a9b6758dcd56a5
inat_train,4901360941_0.jpg,4901360941,healthy,W Rao,http://creativecommons.org/licenses/by/4.0/legalcode,Triticum aestivum L.,b023370d5daa2c5bf54240d39200dc7155a07d0a50cf5134b394b2889a0f8eb7
inat_train,4901369055_0.jpg,4901369055,healthy,einarkjeld,http://creativecommons.org/licenses/by-nc/4.0/legalcode,Triticum aestivum L.,e45a37b8ade049ab85bcd5c28c107e52b054bcd5b041ed0626c9113ddbe1a091
inat_train,4901380181_0.jpg,4901380181,healthy,Kate Ludwig,http://creativecommons.org/licenses/by-nc/4.0/legalcode,Triticum aestivum L.,d5d1018c0334b75d1fd2f7c60639fbd90c67a318845fdee0749e1668f681f07e
inat_train,4901380760_0.jpg,4901380760,healthy,Ryan,http://creativecommons.org/publicdomain/zero/1.0/legalcode,Triticum aestivum L.,f280f1b7a0bdb1db34e6d923aa2db37d517d32c6b5e4a900637035faa7436284
inat_train,4901395542_0.jpg,4901395542,healthy,katydid59,http://creativecommons.org/licenses/by-nc/4.0/legalcode,Triticum aestivum L.,84cd0ba29973c08ab7d9539bc5b0a3a1b6d39313c641e4e61c0ec6479079a3c2
inat_train,4901396136_0.jpg,4901396136,healthy,andre_mueller,http://creativecommons.org/licenses/by-nc/4.0/legalcode,Triticum aestivum L.,186ae46df2151da5c3267521a7d8e14c417b9bbfe6fb10eb127fb62e96380416
inat_train,4901399548_0.jpg,4901399548,healthy,khaber,http://creativecommons.org/licenses/by-nc/4.0/legalcode,Triticum aestivum L.,ca90f634187f234b286016c8b8512163fe0f15d355a8b6cec69796f81d4b808f
inat_train,4901400236_0.jpg,4901400236,healthy,Scott and Tina Sherwood,http://creativecommons.org/licenses/by-nc/4.0/legalcode,Triticum aestivum L.,069ed2b90d9423765a3e4459611c7587f9cd29e73530252149d9533dad6ea7ea
inat_final_test_SEALED,4901409325_0.jpg,4901409325,healthy,Suzanne Herel,http://creativecommons.org/licenses/by-nc/4.0/legalcode,Triticum aestivum L.,865aeb96ca920d5610fb3e529ea869349e5dcc6a1f39b58dfe276c77ee398276
inat_train,4901422758_0.jpg,4901422758,healthy,mefisher,http://creativecommons.org/publicdomain/zero/1.0/legalcode,Triticum aestivum L.,c60f3c515ee5336e5b1bbfa1378bb2ca898078b387cef1c4b289c65bf004828d
inat_train,4901423076_0.jpg,4901423076,healthy,MJDapifer,http://creativecommons.org/licenses/by/4.0/legalcode,Triticum aestivum L.,4d351f76702bab61826113ffd037c2da8b9a6ed092c87fae62af0bc7ebc10468
inat_train,4901432518_0.jpg,4901432518,healthy,MandaB,http://creativecommons.org/licenses/by-nc/4.0/legalcode,Triticum aestivum L.,cff46f80c5906998c68278e7cae23d65c668f71cc9cf1217948fd389da50e549
inat_train,4901432525_0.jpg,4901432525,healthy,mabyekill,http://creativecommons.org/licenses/by-nc/4.0/legalcode,Triticum aestivum L.,40dda8e62068241fb917ea32b2581879e9c08f3d0c0bb42e774f86cc468dedf1
inat_train,4901433102_0.jpg,4901433102,healthy,briar_,http://creativecommons.org/licenses/by-nc/4.0/legalcode,Triticum aestivum L.,9dab4a1b0450836f04da7ae6d7e78ca842e80db368b76a3184a3ca6c96897f87
inat_train,4901434702_0.jpg,4901434702,healthy,Donovan Drummey,http://creativecommons.org/licenses/by-nc/4.0/legalcode,Triticum aestivum L.,604a6154846c160884d89872b0dc67ec8ad459d7238d90bcccaccc66c036b1c2
inat_final_test_SEALED,4901436238_0.jpg,4901436238,healthy,Yann Kemper,http://creativecommons.org/publicdomain/zero/1.0/legalcode,Triticum aestivum L.,cefa52d788ed7a1211e384c7c55f6115e91cf0b9d3e12dafb7f2fc4d9a245faa
inat_train,4901438122_0.jpg,4901438122,healthy,sandor_in,http://creativecommons.org/licenses/by-nc/4.0/legalcode,Triticum aestivum L.,7ab01f65f7069066e088f1465ea53eae10b84cf9c26155c9c3e6ef98ca5d6755
inat_final_test_SEALED,4901450906_0.jpg,4901450906,healthy,Artischow,http://creativecommons.org/licenses/by-nc/4.0/legalcode,Triticum aestivum L.,7810107f5439fbc77883fb1eca4f8f74f8f01e3677a7dee9484eb1dbec2411af
inat_final_test_SEALED,4901459418_0.jpg,4901459418,healthy,paul_dennehy,http://creativecommons.org/licenses/by-nc/4.0/legalcode,Triticum aestivum L.,d9066b26dd1428cc905e13eb4a1ccaef91fdd36894b8cfa8a638b4262ada5cda
inat_train,4901470361_0.jpg,4901470361,healthy,Jose Manuel Rasero Díaz,http://creativecommons.org/licenses/by-nc/4.0/legalcode,Triticum aestivum L.,8ef187cbc9ed98942dc5fce85168a7cc948290311f6607b81a90da2b6bfe19ee
inat_final_test_SEALED,4901473252_0.jpg,4901473252,healthy,Sequoia Janirella Wrens,http://creativecommons.org/publicdomain/zero/1.0/legalcode,Triticum aestivum L.,6732e0c31827d82a12185a4a7e795c04c7e563933d6254bb4f107c3405c1f460
inat_train,4901474261_0.jpg,4901474261,healthy,Sokolov Yuriy Ivanovich,http://creativecommons.org/licenses/by-nc/4.0/legalcode,Triticum aestivum L.,1e6fbf510316befef988c0512fa3c0f3e7eac6fb485c80d25b6b80f047ac73d2
inat_train,4901486169_0.jpg,4901486169,healthy,Попова Ольга,http://creativecommons.org/licenses/by-nc/4.0/legalcode,Triticum aestivum L.,5a51e36cb6b7a92bc8995e94c64aad9bb262cbb2521e1fd6079dc7b80f458c2e
inat_train,4901500802_0.jpg,4901500802,healthy,Ethan,http://creativecommons.org/licenses/by-nc/4.0/legalcode,Triticum aestivum L.,86d7d8ff57bd504f0c840ef56ae501618f92097e58843cac185c5d9fd5d2278b
inat_final_test_SEALED,4901543389_0.jpg,4901543389,healthy,Maksymilian Wojtkiewicz,http://creativecommons.org/licenses/by-nc/4.0/legalcode,Triticum aestivum L.,319b4a5b835c3eca56067b362a17a335e28e5cd40935aa1a7f986fe9ee816556
inat_train,4901613860_0.jpg,4901613860,healthy,dkonst,http://creativecommons.org/licenses/by-nc/4.0/legalcode,Triticum aestivum L.,e4adc330bc1cb43329302010248b5c70aa32c606e6c8e9f24aaa2d43e7193b96
inat_train,4901621069_0.jpg,4901621069,healthy,aliajaj,http://creativecommons.org/licenses/by-nc/4.0/legalcode,Triticum aestivum L.,335af32d2a771c3d37c765c3f474accb432f6c6fabd4ad2c49fa9278ac755a0b
inat_train,4901689962_0.jpg,4901689962,healthy,Dr. Ryne D. Rutherford,http://creativecommons.org/licenses/by-nc/4.0/legalcode,Triticum aestivum L.,bfa02193d246be27e6078712e0e1e9ee23823bae0ffc3fa0839e6a5b8bb9b7b6
inat_train,4901725060_0.jpg,4901725060,healthy,rockybajada,http://creativecommons.org/publicdomain/zero/1.0/legalcode,Triticum aestivum L.,aac5a86d02e2ec5f7ec8e272819b331f2ffd4cd89d0905d1dd2dac41cb071c7d
inat_final_test_SEALED,4901725271_0.jpg,4901725271,healthy,giuliafruzz,http://creativecommons.org/licenses/by-nc/4.0/legalcode,Triticum aestivum L.,7a6b6656ab36bb1aa4e4b775d0cedb10df61905323821b6b6f759f226d065c1a
inat_train,4901736359_0.jpg,4901736359,healthy,mothyfriend,http://creativecommons.org/licenses/by/4.0/legalcode,Triticum aestivum L.,30ffafdf2f34b49eca93f0eae76adffa5dbd4c6146d71c7601121cba68b34793
inat_final_test_SEALED,4901743752_0.jpg,4901743752,healthy,ju88,http://creativecommons.org/licenses/by-nc/4.0/legalcode,Triticum aestivum L.,18b8c5a0fcf286340164821244c6989d18c172d60f671c6acedf45083b583058
inat_train,4901743895_0.jpg,4901743895,healthy,Madison P-R,http://creativecommons.org/licenses/by-nc/4.0/legalcode,Triticum aestivum L.,9b3357c4bc6eaa0d678f38c9136a4d70f018c6545d1eb948c90c61bfd8a5482f
inat_train,4901744136_0.jpg,4901744136,healthy,Josiah Londerée,http://creativecommons.org/licenses/by/4.0/legalcode,Triticum aestivum L.,d565aeabedbbc2ad0ad9f05eba936055134f55385082b06cf9ebe26ba3c466f8
inat_final_test_SEALED,4901799097_0.jpg,4901799097,healthy,davemateer,http://creativecommons.org/publicdomain/zero/1.0/legalcode,Triticum aestivum L.,66d0cd0a4c548a9531f5b0a063e7f195133a1903b9cdcf86c5909401770e36ee
inat_train,4901799691_0.jpg,4901799691,healthy,frejayk,http://creativecommons.org/licenses/by-nc/4.0/legalcode,Triticum aestivum L.,9a7ca88ebc38dc8010b556f2888d264b02aa86265869f2c96180d5c0b63d2e92
inat_train,4901806458_0.jpg,4901806458,healthy,adenahawkins,http://creativecommons.org/licenses/by-nc/4.0/legalcode,Triticum aestivum L.,f27625ec32573588319e640ec9e2e5c97acefe2be16e1da408d5ceffc88ed8af
inat_train,4901842936_0.jpg,4901842936,healthy,Kyle Copas,http://creativecommons.org/publicdomain/zero/1.0/legalcode,Triticum aestivum L.,63658b04172d910bcf372657167ff1e1ace785cfbe4c17ce5a555942ef15d70a
inat_train,4901844837_0.jpg,4901844837,healthy,Danilo Lüdke,http://creativecommons.org/licenses/by-nc/4.0/legalcode,Triticum aestivum L.,85a591c31527f74de475b4e7b999faf5589e8ba8da263e838c05acedf293451b
inat_train,4901846862_0.jpg,4901846862,healthy,amholder,http://creativecommons.org/licenses/by-nc/4.0/legalcode,Triticum aestivum L.,824c297df5353685f4eb93fa7aca1605313236f8e9f38b98173933c9a69304f9
inat_train,4901846947_0.jpg,4901846947,healthy,stretchwell,http://creativecommons.org/licenses/by-nc/4.0/legalcode,Triticum aestivum L.,d0029018184c226c7b224682cda098137ebd4d6138f8f50ad723dc71f41837a5
inat_train,4901848152_0.jpg,4901848152,healthy,nathalie_andrawes,http://creativecommons.org/licenses/by-nc/4.0/legalcode,Triticum aestivum L.,62fd55b356f515997082f977379eeb42676b864fad9abe9881f376a1ed8a40c5
inat_train,4901852170_0.jpg,4901852170,healthy,lms0229,http://creativecommons.org/licenses/by-nc/4.0/legalcode,Triticum aestivum L.,2e9a6e1dac858eb89a2d4245b6a8fb92c534e4306db382ef8186898aad6e4332
inat_train,4901852185_0.jpg,4901852185,healthy,Janet,http://creativecommons.org/licenses/by-nc/4.0/legalcode,Triticum aestivum L.,c6e9a7242787b64a18943f6c89030a436ebee13539d41584a88c91db767ca994
inat_final_test_SEALED,4901858874_0.jpg,4901858874,healthy,jennimartin,http://creativecommons.org/licenses/by-nc/4.0/legalcode,Triticum aestivum L.,ba19b7b0a542c322366e54525cf3bf8bcd5e8978ba5adb4d5f893ae46711752a
inat_train,4901862330_0.jpg,4901862330,healthy,babisloyfakis,http://creativecommons.org/licenses/by-nc/4.0/legalcode,Triticum aestivum L.,9ab1d1f9b6eff6230f74695ff8439a4865a5035fd23c4a9a5bb9439746938dea
inat_train,4901863581_0.jpg,4901863581,healthy,jordancornelius1993,http://creativecommons.org/licenses/by-nc/4.0/legalcode,Triticum aestivum L.,d9e14b9f4450b419fd9a4b433660fcac0f3a9adb882f555e336cd3a45b6d1091
inat_train,4901863614_0.jpg,4901863614,healthy,robberscavenaturalist,http://creativecommons.org/licenses/by-nc/4.0/legalcode,Triticum aestivum L.,5dda659a0eb7c6b373084c3af26309796986acf4f40ffbf3875953777e7a569e
inat_train,4901865442_0.jpg,4901865442,healthy,lanechaffin,http://creativecommons.org/publicdomain/zero/1.0/legalcode,Triticum aestivum L.,b82b7b5e5f6a9d13ae9087a35cbdec60eb6e35e7ad7f17eeb2256a640247513a
inat_train,4901867519_0.jpg,4901867519,healthy,Claire Gachon,http://creativecommons.org/licenses/by-nc/4.0/legalcode,Triticum aestivum L.,98b4bf888a166f9b3e5167a4e558809b5a5622cd7ec7457b94ac8fb71499ac8c
inat_train,4901872448_0.jpg,4901872448,healthy,n0665,http://creativecommons.org/licenses/by-nc/4.0/legalcode,Triticum aestivum L.,1cac00df4150e0b73bdba67104ec6b71673efa827552a12c42246ab025718bc5
inat_train,4901872483_0.jpg,4901872483,healthy,Jean-Guy Papineau,http://creativecommons.org/licenses/by-nc/4.0/legalcode,Triticum aestivum L.,b6e9f1f93e6bac4235b070dfbf12d84d7d3290a4fac9740d02a4d73d7f8933a7
inat_train,4901882249_0.jpg,4901882249,healthy,Tonyia Johnson Stump,http://creativecommons.org/licenses/by-nc/4.0/legalcode,Triticum aestivum L.,2a147b745d62f6571248df279a05d6ea3b3ccfcfe44db1237a2f8153fecee333
inat_train,4901883561_0.jpg,4901883561,healthy,Hamilton Turner,http://creativecommons.org/publicdomain/zero/1.0/legalcode,Triticum aestivum L.,20788211cbc0a47c28dd59ca9ec8b3b88e9809cfee93cc629510fc8dc6399148
inat_train,4901883754_0.jpg,4901883754,healthy,Andrée Weigel,http://creativecommons.org/licenses/by-nc/4.0/legalcode,Triticum aestivum L.,57c264a57c68490b1de765194bfb5bc5eebbd635912da52bf319c6e139f4aa8c
inat_train,4901883755_0.jpg,4901883755,healthy,tchristopher,http://creativecommons.org/licenses/by-nc/4.0/legalcode,Triticum aestivum L.,fa8636ac1839b1339a75d8a1c64f44c0b777143b3942986caf90d8f363dc68d2
inat_final_test_SEALED,4901883933_0.jpg,4901883933,healthy,Mario Vega Pérez,http://creativecommons.org/licenses/by-nc/4.0/legalcode,Triticum aestivum L.,b879254fb16e64a9faa3432c891c0cdeac00df4047f0287f782593ae2eb75c7f
inat_train,4901895092_0.jpg,4901895092,healthy,Alex Zorach,http://creativecommons.org/licenses/by/4.0/legalcode,Triticum aestivum L.,172658eaf08669883b6b980a00d480c65a718a49484967b2b6257ea3d06ca224
inat_train,4901895721_0.jpg,4901895721,healthy,jlsoriat,http://creativecommons.org/licenses/by-nc/4.0/legalcode,Triticum aestivum L.,13d61b9dcae4d08e883ad0cc83b7431866abb57c31fac8ef762e088150d9614e
inat_train,4901895775_0.jpg,4901895775,healthy,moni,http://creativecommons.org/licenses/by-nc/4.0/legalcode,Triticum aestivum L.,d85708cbaeb478bab96b20641653bd895f1001cb1c8b552345513d9ecc66f03f
inat_train,4901896499_0.jpg,4901896499,healthy,jfb458,http://creativecommons.org/licenses/by-nc/4.0/legalcode,Triticum aestivum L.,d96502d989ad1dace55e6abb7c6938cbaa5b39a29246b8962e40ab28e12ae642
inat_train,4901897091_0.jpg,4901897091,healthy,alluna,http://creativecommons.org/licenses/by-nc/4.0/legalcode,Triticum aestivum L.,6a60b56f2c55afcb2ff5e797ae468b5e3254975d4261ba86339f42edee0ad7f9
inat_final_test_SEALED,4901898100_0.jpg,4901898100,healthy,boyne2,http://creativecommons.org/licenses/by-nc/4.0/legalcode,Triticum aestivum L.,a62e66661db8f5aea99aef6fbe7f0e02c6a9bba9f909b9e0befb5c6f5a1b8ad7
inat_final_test_SEALED,4901899180_0.jpg,4901899180,healthy,Laura,http://creativecommons.org/licenses/by-nc/4.0/legalcode,Triticum aestivum L.,5826405d5fa9ebd3211e2bdaf12a3ac4ebfe371a46dd17334eb88d8215072e99
inat_train,4901906318_0.jpg,4901906318,healthy,sprinkles112,http://creativecommons.org/licenses/by-nc/4.0/legalcode,Triticum aestivum L.,d7fd25ba0bbd7508e8ed3976c07d5c1afb18c8c76d47e553e1ab89aae7225b11
inat_train,4901913328_0.jpg,4901913328,healthy,xessemannx,http://creativecommons.org/licenses/by-nc/4.0/legalcode,Triticum aestivum L.,c402b3b6e9ee206b874d189a284e1a737e7f951616c73f743107791647cd1313
inat_train,4901917544_0.jpg,4901917544,healthy,coolmaria,http://creativecommons.org/licenses/by-nc/4.0/legalcode,Triticum aestivum L.,0af1a31c2a78a6b103e9ac4628054d72918651aea0993d6197d746d6a4270ba5
inat_train,4901918079_0.jpg,4901918079,healthy,roma_k,http://creativecommons.org/licenses/by-nc/4.0/legalcode,Triticum aestivum L.,7cea9f3acdc36aed981829cac778947a4647cbcd7b067fabc5e7641dc2e07950
inat_train,4901926423_0.jpg,4901926423,healthy,Larry Swift,http://creativecommons.org/licenses/by-nc/4.0/legalcode,Triticum aestivum L.,e32505bae5e57645f7cb070ccae39b821d5ac94a20536b7920bc287ac71a8696
inat_train,4901926434_0.jpg,4901926434,healthy,N. Alden,http://creativecommons.org/licenses/by-nc/4.0/legalcode,Triticum aestivum L.,0af3ac4c338bdfe5161228f6c6914837da8fcf77302f03851feacb70d89fca9c
inat_train,4901930862_0.jpg,4901930862,healthy,briar_,http://creativecommons.org/licenses/by-nc/4.0/legalcode,Triticum aestivum L.,0a040b7ccf3271fb3f0634f2f4a799540e54790b8f0b505d19fce3307b1be8be
inat_train,4901931136_0.jpg,4901931136,healthy,geographiend,http://creativecommons.org/licenses/by-nc/4.0/legalcode,Triticum aestivum L.,9201bdbc4276872696d6665950651750ecf013ec7927dd104642f5fdb4b13f65
inat_train,4901931147_0.jpg,4901931147,healthy,bucky1962,http://creativecommons.org/licenses/by-nc/4.0/legalcode,Triticum aestivum L.,7ee08bae9a4c03a68defdcc0ca5a8f83577102f0ef2cf8ef20b73d3d4371a2e3
inat_final_test_SEALED,4901935482_0.jpg,4901935482,healthy,Tara Michele,http://creativecommons.org/licenses/by-nc/4.0/legalcode,Triticum aestivum L.,36558cbe5d33440ca285fe1da277da5d8332c88d8bff0b0c30fd5fdf3d15c6b2
inat_train,4901943011_0.jpg,4901943011,healthy,hellmansson,http://creativecommons.org/licenses/by-nc/4.0/legalcode,Triticum aestivum L.,1a1dd43a9ec251a89368599ad9e303d0bee450799367632cdd4996f90f6a06c8
inat_train,4901943222_0.jpg,4901943222,healthy,fletcherm630,http://creativecommons.org/licenses/by-nc/4.0/legalcode,Triticum aestivum L.,094f2d9774644753414cb50523e47aef5914efaed9714fbc66a54bb737e36982
inat_train,4901943610_0.jpg,4901943610,healthy,wheelerep,http://creativecommons.org/licenses/by-nc/4.0/legalcode,Triticum aestivum L.,20a8c9fedad2ef6a8e3b78d504ca067559144f346861e24a53d0975c4faf113e
inat_train,4901944283_0.jpg,4901944283,healthy,Dennis D,http://creativecommons.org/licenses/by-nc/4.0/legalcode,Triticum aestivum L.,9217cd5b2f0da27f396f07b2c39bb078579b37dff49d869f608253d65963e7fc
inat_train,4901944704_0.jpg,4901944704,healthy,Kyle Stark,http://creativecommons.org/licenses/by-nc/4.0/legalcode,Triticum aestivum L.,3f250a1020415089a98114b14969310caf67f6035ea3abd5cdf602dafd9f26a3
inat_train,4901944916_0.jpg,4901944916,healthy,Jordan Cochran,http://creativecommons.org/licenses/by-nc/4.0/legalcode,Triticum aestivum L.,aac03ef2999e2f3be4388661dca6e371379bf1ffe3bd9707359ced3626bf6a67
inat_train,4901945018_0.jpg,4901945018,healthy,ninobrown1999,http://creativecommons.org/licenses/by-nc/4.0/legalcode,Triticum aestivum L.,76c7646c64e02c4c902a407b4c8d2db67b308b58c6c71f30d63b01881bb974fe
inat_train,4901955976_0.jpg,4901955976,healthy,Lynn Seman,http://creativecommons.org/licenses/by-nc/4.0/legalcode,Triticum aestivum L.,40c5a3d7aefa520d43f7102b3601736f7c1c4b41730f84fc17472d3834a061f7
inat_train,4901955991_0.jpg,4901955991,healthy,Eleftherios Katsillis,http://creativecommons.org/licenses/by/4.0/legalcode,Triticum aestivum L.,01affa25abac763a27e82f87fb6e87cba709e61207abdfce4802bddc34cc5ce7
inat_final_test_SEALED,4901956819_0.jpg,4901956819,healthy,Michael Stein,http://creativecommons.org/licenses/by-nc/4.0/legalcode,Triticum aestivum L.,e43bb74d43bf80f0f8216e6b4e593070117a2755338d2b128ca5dc82c20f788e
inat_train,4901956862_0.jpg,4901956862,healthy,aboguslaw,http://creativecommons.org/licenses/by-nc/4.0/legalcode,Triticum aestivum L.,6b0a705288f3bc36b74fcab6378f7ec4d046eb6cac9ee90ad2ca70e2917f7452
inat_train,4901957951_0.jpg,4901957951,healthy,davidenrique,http://creativecommons.org/publicdomain/zero/1.0/legalcode,Triticum aestivum L.,fa59c917dfabcebe7717ef5668f40c6824ae28c484f60244b30bafd317219d2b
inat_train,4901960439_0.jpg,4901960439,healthy,Sokratis,http://creativecommons.org/licenses/by/4.0/legalcode,Triticum aestivum L.,a18fa82a710f0e8c2763d81398faafcb0188d51567c2d7f6fa253433c4b9f70c
inat_train,4901960525_0.jpg,4901960525,healthy,leondietrich,http://creativecommons.org/licenses/by-nc/4.0/legalcode,Triticum aestivum L.,70814f18cb1eb930fd6fa229db08598e2b8bfb0424948eb7ba3d790ef466a057
inat_train,4901965159_0.jpg,4901965159,healthy,sidse69,http://creativecommons.org/licenses/by-nc/4.0/legalcode,Triticum aestivum L.,741bba57c76bff06f0b7e82793cea5eb44c3553ef7f69fff9d00929e83bccf6d
inat_final_test_SEALED,4901969519_0.jpg,4901969519,healthy,Piotr Panek,http://creativecommons.org/licenses/by/4.0/legalcode,Triticum aestivum L.,7746d78f56a22efc61bddc279800ae6830665a7981786b535fd4c68b825a5f74
inat_train,4901971128_0.jpg,4901971128,healthy,Avery Johnsmeyer,http://creativecommons.org/licenses/by-nc/4.0/legalcode,Triticum aestivum L.,80b2f9993733e43e10054f3d3fdd74d22b6bb202f964870cabcd7332a7fd8768
inat_train,4901982360_0.jpg,4901982360,healthy,Nicole Loebenberg,http://creativecommons.org/licenses/by-nc/4.0/legalcode,Triticum aestivum L.,811ff94074ed23285ce3298f84ec4579d5ca78565613ca3aa14cca5f866e0d9b
inat_train,4901998897_0.jpg,4901998897,healthy,Jette Weiß,http://creativecommons.org/licenses/by-nc/4.0/legalcode,Triticum aestivum L.,871e040fa216ced1e0cd494e79060817c0706d0177ec1f82e39ae31327570f90
inat_train,4902014603_0.jpg,4902014603,healthy,Cole Tiemann,http://creativecommons.org/licenses/by-nc/4.0/legalcode,Triticum aestivum L.,a28aab6a523384499226e3b0970a6f557dc2e743194bacf55f1f943fc50edb01
inat_train,4902070211_0.jpg,4902070211,healthy,Demian Kieft,http://creativecommons.org/licenses/by-nc/4.0/legalcode,Triticum aestivum L.,dec9936e8cc290251ea82a24f4a7d79f25e85844edd7e41b22807506801c1064
inat_final_test_SEALED,4902099328_0.jpg,4902099328,healthy,maryah,http://creativecommons.org/licenses/by-nc/4.0/legalcode,Triticum aestivum L.,b6865819fc00e41a1bd4c3cda2b2b1b8a213d3d4d06112abfde8ad64af930dbc
inat_train,4904214393_2.jpg,4904214393,leaf_rust,Pavel Šinkyřík,http://creativecommons.org/licenses/by-nc/4.0/legalcode,Puccinia triticina Erikss.,76f90218aac653712891c6ba5e7e4290d35fc4e158bb1ec041d8bbcfcf03c154
inat_train,4904214393_3.jpg,4904214393,leaf_rust,Pavel Šinkyřík,http://creativecommons.org/licenses/by-nc/4.0/legalcode,Puccinia triticina Erikss.,268d6f2283ceb6917227f0d71d9b5f8584d1b8e21244a00f9e392996439cb4e7
inat_train,4907994076_0.jpg,4907994076,healthy,Daniel Ward,http://creativecommons.org/licenses/by-nc/4.0/legalcode,Triticum aestivum L.,11828fdb18a3baca3e39ad2aada91d4fabf0305f4e366e64b46b8d623eee8da4
inat_train,4908011711_0.jpg,4908011711,healthy,Julia Chandler,http://creativecommons.org/licenses/by-nc/4.0/legalcode,Triticum aestivum L.,e0f0de98ab179fe3363f3d64dd3f0af515a7e0f54cf1dacf16e95a2dc5b9d964
inat_train,4908062918_0.jpg,4908062918,healthy,Michel Langeveld,http://creativecommons.org/licenses/by/4.0/legalcode,Triticum aestivum L.,e4122214a8b1e25f097dd602f521f5037512005f16ab0ab8a9470196127670bf
inat_train,4908074144_0.jpg,4908074144,healthy,rakeson,http://creativecommons.org/licenses/by-nc/4.0/legalcode,Triticum aestivum L.,cdf8c145188d39d43546b314cc1a21832c462b48e983b78752050bf217bd953e
inat_train,4908100062_0.jpg,4908100062,healthy,loganheley,http://creativecommons.org/licenses/by-nc/4.0/legalcode,Triticum aestivum L.,deea274371ed1af5bfbdb8b0c7b3fe1a5b0bb1ad1f4b69f2a61b35c1325b2944
inat_final_test_SEALED,4908115202_0.jpg,4908115202,healthy,hpotter,http://creativecommons.org/licenses/by-nc/4.0/legalcode,Triticum aestivum L.,9ef61c63a72f610ccc37ad03c872ef84e2798f45f0f2a2f32c753c4dc4a1aa2c
inat_train,4908127202_0.jpg,4908127202,healthy,hhkaaks,http://creativecommons.org/publicdomain/zero/1.0/legalcode,Triticum aestivum L.,71f9c9a2d786e1b3477b839162baa2b662afba532267037155780f0a783c8499
inat_train,4908196546_0.jpg,4908196546,healthy,Andrée Weigel,http://creativecommons.org/licenses/by-nc/4.0/legalcode,Triticum aestivum L.,1a9e0a4fffaf0258f57e821c0dd36137ec113c320426aa4d65b1462efc09e9ae
inat_train,4908197649_0.jpg,4908197649,healthy,faluke,http://creativecommons.org/licenses/by-nc/4.0/legalcode,Triticum aestivum L.,5e0fc2298cd64fbf906fb3febe5ba197d2d0e586de1c9f3166c32a1cf435ebf6
inat_train,4908229351_0.jpg,4908229351,healthy,macintasha,http://creativecommons.org/licenses/by-nc/4.0/legalcode,Triticum aestivum L.,e4c1d97d375227ab8650089ee0a75b9c3256904cca449e330df07124dd2ee602
inat_train,4908247507_0.jpg,4908247507,healthy,Malte Krömer,http://creativecommons.org/licenses/by/4.0/legalcode,Triticum aestivum L.,8d47232b1b1e90c8b8d2fa0f4e56615c122f07df276dd7c105ff356f571fb7ca
inat_train,4908259882_0.jpg,4908259882,healthy,kamonsen,http://creativecommons.org/licenses/by-nc/4.0/legalcode,Triticum aestivum L.,f8a5afc765dabf3c681d434495a00176f127e6718c0334b3e80c7df959758645
inat_train,4908331723_0.jpg,4908331723,healthy,Jonathan Foise,http://creativecommons.org/licenses/by/4.0/legalcode,Triticum aestivum L.,0a8315b1f7d169290db3c98a5eaa7579ec4d04b9232901c5f0d1ffc12e7dd37a
inat_final_test_SEALED,4908337973_0.jpg,4908337973,healthy,Małgorzata Śliż,http://creativecommons.org/licenses/by-nc/4.0/legalcode,Triticum aestivum L.,db15a382ad1d595a5fcbc9e71b1f4c474c5c3f6e48a303d5c3da3f2d84f4a691
inat_train,4908357658_0.jpg,4908357658,healthy,Nico Hernandez,http://creativecommons.org/licenses/by/4.0/legalcode,Triticum aestivum L.,58b05f0ccfcd6571b5c31dcdc21a11fd1f8a7b73e4378fe4ae95a667fa9f3d43
inat_final_test_SEALED,4908399174_0.jpg,4908399174,healthy,indyferencja,http://creativecommons.org/licenses/by-nc/4.0/legalcode,Triticum aestivum L.,ce24ac16d4bd19270d5b45733615887ae5099f71660cb85f79ec80d5e5ed7cba
inat_train,4908417805_0.jpg,4908417805,healthy,Skye van der Laan,http://creativecommons.org/licenses/by-nc/4.0/legalcode,Triticum aestivum L.,126b57bdb5966703bd9184f25056b2ef839db43a10840dea618c3870faafb781
inat_train,4908467540_0.jpg,4908467540,healthy,Gonçalo Gonçalves,http://creativecommons.org/licenses/by-nc/4.0/legalcode,Triticum aestivum L.,45fa2d1f5ee99062b97c43a41c647a1c4c3b5f2bbfb1c2702c49b0067efdc79e
inat_train,4908481582_0.jpg,4908481582,healthy,Shlomi Levi,http://creativecommons.org/licenses/by-nc/4.0/legalcode,Triticum aestivum L.,b6aba20f918634e42a65f13b607d63000d38a03959d7eecaab20a74931c2d3ed
inat_train,4908501487_0.jpg,4908501487,healthy,Alexey V. Ivanov,http://creativecommons.org/licenses/by-nc/4.0/legalcode,Triticum aestivum L.,da386b4b3cb16a1e1e7f834e3846c5c4b16595fd8c1e868bcc0f82ba92880e97
inat_train,4908505369_0.jpg,4908505369,healthy,Lena Zappia,http://creativecommons.org/licenses/by-nc/4.0/legalcode,Triticum aestivum L.,a3132480cf989a5f65c063549ec1fa815b5ded3998682e2826423d4e1ed44b7b
inat_train,4908522605_0.jpg,4908522605,healthy,Loïc Mathieu,http://creativecommons.org/licenses/by/4.0/legalcode,Triticum aestivum L.,577e97a718b933db468e28275bfb9d31390cb6ec42d04abe7d1e95d207a47cf1
inat_train,4908597993_0.jpg,4908597993,healthy,François Rousseu,http://creativecommons.org/publicdomain/zero/1.0/legalcode,Triticum aestivum L.,389f1bb31ec7ba9ccc45d15a5c6911fc2e99400ed5e3ca0a1fc37e54c34122ca
inat_train,4908609396_0.jpg,4908609396,healthy,greenie33,http://creativecommons.org/licenses/by-nc/4.0/legalcode,Triticum aestivum L.,70468d6b0bf7b1a7b3f9d084c07d502371810febf53d4a6f89aa6481aa2fbf7c
inat_train,4908646084_0.jpg,4908646084,healthy,Vincent Auclair,http://creativecommons.org/licenses/by-nc/4.0/legalcode,Triticum aestivum L.,144f19a32e4325eed5d178bcc84eb889f4c465188ba1b90a7391ad38ac067742
inat_train,4908650611_0.jpg,4908650611,healthy,newcomlm,http://creativecommons.org/licenses/by-nc/4.0/legalcode,Triticum aestivum L.,d6715dce8f53faef17996707a06cff798ce5cfaecf030b783fe574b4d4c10218
inat_train,4908694712_0.jpg,4908694712,healthy,janexmoor,http://creativecommons.org/licenses/by-nc/4.0/legalcode,Triticum aestivum L.,fa3324a0dc57ebb6d7167f4cd408ed6b58151d4b7e90c3f2db5625dfbf810b59
inat_train,4908696394_0.jpg,4908696394,healthy,tmax2001,http://creativecommons.org/licenses/by-nc/4.0/legalcode,Triticum aestivum L.,fffd8adb6406019ff7db7a8fd38151ec4e0d69d81c583e3fe980cbc06442502f
inat_train,4908768135_0.jpg,4908768135,healthy,Irina N (Ellein Saar),http://creativecommons.org/licenses/by-nc/4.0/legalcode,Triticum aestivum L.,b61179c76d61a82ea8becd056588bcd104d9a68aa74fc4d8088820eca37ab383
inat_train,4908775948_0.jpg,4908775948,healthy,Javiera S. C.,http://creativecommons.org/licenses/by-nc/4.0/legalcode,Triticum aestivum L.,7c2b37978af84714faa923ddb22ea3a9bfe8d0811b8c4d54296ba25ee41fccbf
inat_train,4908789672_0.jpg,4908789672,healthy,Danielle,http://creativecommons.org/licenses/by-nc/4.0/legalcode,Triticum aestivum L.,0d88ae3eddf5d7c925da12c45f83cc858b0938752f71092085a543bb6b009476
inat_train,4908826838_0.jpg,4908826838,healthy,Jo Roberts,http://creativecommons.org/publicdomain/zero/1.0/legalcode,Triticum aestivum L.,9dd4b75842d9b8d2b21985ededaf1748c20a57ffdacae57493346ab76d73bf3a
inat_train,4908916554_0.jpg,4908916554,healthy,hort_agius,http://creativecommons.org/licenses/by-nc/4.0/legalcode,Triticum aestivum L.,db9c259224e926ed90bcfab704d3498a21b5fcfeb2a7af6e14aef97cc89ea0fa
inat_train,4908921684_0.jpg,4908921684,healthy,ruslanleonov,http://creativecommons.org/licenses/by-nc/4.0/legalcode,Triticum aestivum L.,54a01eaac60c09f7d67c9d199c6254cf7714ec8b4e3218e7a1c9eea747e047fe
inat_train,4908958969_0.jpg,4908958969,healthy,doll62388,http://creativecommons.org/licenses/by-nc/4.0/legalcode,Triticum aestivum L.,0051a3d9e705ea9882b829119800d08f59f4c13c5ff90fa1b42fe2d99b253963
inat_train,4909014742_0.jpg,4909014742,healthy,Margarita Gafurova,http://creativecommons.org/licenses/by-nc/4.0/legalcode,Triticum aestivum L.,f45a835403aad8cb948286478605b25ff3220f2958f411916d98dede7febcd63
inat_train,4909023118_0.jpg,4909023118,healthy,onyyss,http://creativecommons.org/licenses/by-nc/4.0/legalcode,Triticum aestivum L.,19e13836be80a228db0802784097011de50fc051abe93099f18e8cbd480d2deb
inat_train,4909031356_0.jpg,4909031356,healthy,Alexander Skevington,http://creativecommons.org/licenses/by-nc/4.0/legalcode,Triticum aestivum L.,3d4e0e93432cdfbc57eb04020b2d970a72fc64982ef6c2fc9bd867aa88d7568a
inat_train,4909039441_0.jpg,4909039441,healthy,lizzardgizzard,http://creativecommons.org/licenses/by-nc/4.0/legalcode,Triticum aestivum L.,e06723865e60ac6d5c83c39ca1d35e63d3f1c6c46a6c52e1a8a13b770a6148b5
inat_final_test_SEALED,4909133839_0.jpg,4909133839,healthy,M Sorensen,http://creativecommons.org/publicdomain/zero/1.0/legalcode,Triticum aestivum L.,f14fa7f8f3acbbaeb8309346f623e6d7a5b984f83764698080573b1a42e3a5f5
inat_train,4909135663_0.jpg,4909135663,healthy,maeve_g,http://creativecommons.org/licenses/by-nc/4.0/legalcode,Triticum aestivum L.,bfd63171fc87fa65284356fa66b3a41298fab5274a08da22f13e524cf26c430a
inat_train,4909136762_0.jpg,4909136762,healthy,larguschka,http://creativecommons.org/licenses/by-nc/4.0/legalcode,Triticum aestivum L.,3dbe538098b7e09213ea8cfe7e97fed940062ee0da02025b66d93b73dc74fdd6
inat_train,4909145240_0.jpg,4909145240,healthy,Emily Franzen,http://creativecommons.org/licenses/by/4.0/legalcode,Triticum aestivum L.,91da7a8b37d2e1c2a80221bc1d3bbfe14f5e02724c48cd5a0faa729564829be1
inat_train,4909226986_0.jpg,4909226986,healthy,Vladimir Atachkin,http://creativecommons.org/licenses/by/4.0/legalcode,Triticum aestivum L.,0ac0dc5667e5afceae1e154d576744074f3ecf6dc88a6f0d8ba3eecdaaaa2072
inat_final_test_SEALED,4909257062_0.jpg,4909257062,healthy,ftbrackman,http://creativecommons.org/licenses/by-nc/4.0/legalcode,Triticum aestivum L.,477b764c7147d02cbdbf5736367e008f3f66b7e98b38359db616079f28d7c465
inat_train,4909289806_0.jpg,4909289806,healthy,Charlotte Watson Sanders,http://creativecommons.org/licenses/by-nc/4.0/legalcode,Triticum aestivum L.,b114c26b7a5dbf92ca0364d27f2487d3d1233b46473c617a9f425493e09a33e2
inat_train,4910862429_0.jpg,4910862429,healthy,Maël Taupin,http://creativecommons.org/licenses/by-nc/4.0/legalcode,Triticum aestivum L.,0a630500886e74827fc3b97e06ce08e0efbf250933a350b09033927ab35cf28d
inat_train,4911018133_0.jpg,4911018133,healthy,Chris Millward,http://creativecommons.org/licenses/by-nc/4.0/legalcode,Triticum aestivum L.,44216092b95ae93ba644a58272869fc5067a048035ae7a357065806e9d1a73a6
inat_train,4911055439_0.jpg,4911055439,healthy,racrijk,http://creativecommons.org/licenses/by-nc/4.0/legalcode,Triticum aestivum L.,242c458c0fcab4609831dc41178a78e6b2c32b6b80f04edb35ae0899f96a5c46
inat_train,4911133307_0.jpg,4911133307,healthy,rachelcox_93,http://creativecommons.org/licenses/by-nc/4.0/legalcode,Triticum aestivum L.,b01f61db74d4b0b66911b15de750443c43a366ec39d0b7dd75b285e33e714de5
inat_final_test_SEALED,4911136110_0.jpg,4911136110,healthy,sageost,http://creativecommons.org/licenses/by-nc/4.0/legalcode,Triticum aestivum L.,4a30af2c42f0264fa537af05b8a407f01c283d8b5efcd34f5ece633fe18cbaf6
inat_train,4919214674_0.jpg,4919214674,healthy,Claire Gachon,http://creativecommons.org/licenses/by-nc/4.0/legalcode,Triticum aestivum L.,c4744e410f39fb814c817f51cf46ef4285427c7e3f406b5bda9c1d6a40fae478
inat_final_test_SEALED,4919331122_0.jpg,4919331122,healthy,somniferum231,http://creativecommons.org/licenses/by-nc/4.0/legalcode,Triticum aestivum L.,05ac71893b2b0da7c838ea8ee717773dc277f7c6ad6e9f7955ca47855712520d
inat_train,4921787593_0.jpg,4921787593,healthy,natlov,http://creativecommons.org/licenses/by-nc/4.0/legalcode,Triticum aestivum L.,8a6a8b1dd8c5dbbcf7d8b7868ec851cac350b51f82e69023910b33caa5bbbcb8
inat_train,4921877405_0.jpg,4921877405,healthy,Charlie O'Brien,http://creativecommons.org/publicdomain/zero/1.0/legalcode,Triticum aestivum L.,f1c98ac4d9ad30a1f70bc055643040f1554a203414e4070ae05c19b5b4661571
inat_train,4921966869_0.jpg,4921966869,healthy,Karen Weiland,http://creativecommons.org/licenses/by-nc/4.0/legalcode,Triticum aestivum L.,64fb9706f861c097ce0ec5b4ca0526f977e2363fd0137b67b0cc7249e32c8609
inat_train,4922001714_0.jpg,4922001714,healthy,tp_alms,http://creativecommons.org/licenses/by-nc/4.0/legalcode,Triticum aestivum L.,ca3231d7f5805edd07b7bf8a9f9c7d90895aebfb13f01661574969bdba8931b3
inat_final_test_SEALED,4923731608_0.jpg,4923731608,healthy,mistercnidario,http://creativecommons.org/licenses/by-nc/4.0/legalcode,Triticum aestivum L.,3ee3cd9bc76b266d4b6345ccbdbee8430d8ca801a82e316c4315ae004632694b
inat_train,4923765051_0.jpg,4923765051,healthy,Antonela Boggián,http://creativecommons.org/licenses/by-nc/4.0/legalcode,Triticum aestivum L.,23444514cfa50490412cd14581fadd668c32b50c88b2ea8539ca16c6e65a160e
inat_train,4925834454_0.jpg,4925834454,healthy,Татьяна Абазова,http://creativecommons.org/licenses/by-nc/4.0/legalcode,Triticum aestivum L.,e90c5a664a50cf1b9df74e39eee9fc3ddbd435c64a2f841fb83363327fe8097c
inat_train,4925848931_0.jpg,4925848931,healthy,Юлия,http://creativecommons.org/licenses/by/4.0/legalcode,Triticum aestivum L.,395ee0459622abdf5487f6de490700124e8f6e5d287d063f613b48cfa4da1b33
inat_train,4926100032_0.jpg,4926100032,healthy,Eduard I. Vatutin,http://creativecommons.org/licenses/by-nc/4.0/legalcode,Triticum aestivum L.,ecdb521b96187d351c1f7783fe4edf8a245a1a56312d8c0cf121af4731840b63
inat_train,4926221585_0.jpg,4926221585,healthy,Yelena,http://creativecommons.org/licenses/by-nc/4.0/legalcode,Triticum aestivum L.,f25b9c88dc8ff7251b666a352b3c33488a438cd9a071508ed3ff20f51072fcf8
inat_train,4926286476_0.jpg,4926286476,healthy,steevefabre000,http://creativecommons.org/licenses/by-nc/4.0/legalcode,Triticum aestivum L.,0c6c6585d0faf54f36a9f4a0a285106b5622f95f1fd85a2561a685619e97a6a0
inat_train,4926317596_0.jpg,4926317596,healthy,iona12,http://creativecommons.org/licenses/by-nc/4.0/legalcode,Triticum aestivum L.,c719229d8eaa3e623defbac6f3d168c84b2c3e71e075eabe8ed7e4e4e3877043
inat_train,4936058619_0.jpg,4936058619,healthy,vitaischenko,http://creativecommons.org/licenses/by-nc/4.0/legalcode,Triticum aestivum L.,e5035e948e6cf71e033e4d0962bfa51b17e0094dac6f46a83657ee2d4f793845
inat_train,4936109843_0.jpg,4936109843,healthy,Gerry Salmon,http://creativecommons.org/licenses/by-nc/4.0/legalcode,Triticum aestivum L.,5f4764975ecbea9b498e4c00c6346bd94400d9820a6c23e7095756888e26d2e4
inat_train,4936782404_0.jpg,4936782404,healthy,Alexandre Passos,http://creativecommons.org/publicdomain/zero/1.0/legalcode,Triticum aestivum L.,154a8e4b5e8ae8ae2648afc46e40de261396aba6d544e0211cc7099887c44a81
inat_final_test_SEALED,4936903530_2.jpg,4936903530,leaf_rust,Henry Van T. Cotter,http://creativecommons.org/licenses/by/4.0/legalcode,Puccinia recondita Roberge ex Desm.,953dd7b265b4b192d7761812c939e0e8e2c8321dafc17bc6f56ce6ca890660e3
inat_train,4937184096_0.jpg,4937184096,stem_rust,Светлана Нестерова,http://creativecommons.org/licenses/by-nc/4.0/legalcode,Puccinia graminis Pers.,1c6d6184726525666e15b52538242b2087fd0b36353a37b624ccade05ebc8941
inat_train,4937195468_0.jpg,4937195468,healthy,Nick Butcher,http://creativecommons.org/licenses/by/4.0/legalcode,Triticum aestivum L.,a22d42e1b96b40ff3475ade49ccdf17b0919f8df57ef24933f72034bbef722cf
inat_final_test_SEALED,4945519101_0.jpg,4945519101,healthy,Stanislav Lavrentyev / Станислав Лаврентьев,http://creativecommons.org/licenses/by-nc/4.0/legalcode,Triticum aestivum L.,45414bfd9d31027d665b91fc0d30be296514ea19ab1b89a85ce4caae40246e72
inat_train,4945961965_0.jpg,4945961965,healthy,Wes Copas,http://creativecommons.org/licenses/by/4.0/legalcode,Triticum aestivum L.,a7581df5395addf7151e8a9269a86edbf8f2e12e6dac600b480c888fcbfb0b9d
inat_train,4950118700_0.jpg,4950118700,healthy,Иван Матершев,http://creativecommons.org/licenses/by-nc/4.0/legalcode,Triticum aestivum L.,cb9251865b2a755ef34d64f6c154ec9163b7c2185e12cc395bb81e47be7f35f7
inat_final_test_SEALED,4952232843_0.jpg,4952232843,healthy,Вадим Рыбаков,http://creativecommons.org/licenses/by-nc/4.0/legalcode,Triticum aestivum L.,feeb8ad46d291e5627583c976a41d2f1fe252afde60bf0b12443d79199e12aef
inat_train,4952326464_0.jpg,4952326464,healthy,Steven Clinton,http://creativecommons.org/licenses/by-nc/4.0/legalcode,Triticum aestivum L.,aa698ebe759162c2e2fa96ffdb5da4330d64fb8fc00da42bd8774f53bb5b7176
inat_train,4952434285_0.jpg,4952434285,healthy,mikhela,http://creativecommons.org/licenses/by-nc/4.0/legalcode,Triticum aestivum L.,20a334fa2210e1edc2ef04e80605d3a42300ea4e2625eacb10c03db5737fc387
inat_train,4952523996_0.jpg,4952523996,healthy,J. Sayers,http://creativecommons.org/publicdomain/zero/1.0/legalcode,Triticum aestivum L.,0c5e6238e8410781459dbc380022c8d13725416b0456ea7241dbe393137fd930
inat_train,4952578883_0.jpg,4952578883,healthy,alexanderstp,http://creativecommons.org/licenses/by-nc/4.0/legalcode,Triticum aestivum L.,16467af070a6b2d0b348dc8b620ec8e89dd789a3e7e2624d4af0caa7b6ee50fc
inat_final_test_SEALED,4954618462_0.jpg,4954618462,healthy,Richie Southerton,http://creativecommons.org/licenses/by-nc/4.0/legalcode,Triticum aestivum L.,0d7bfa870a148fb679ed92907ece59b5dc494e8c315980f3e4f20a06ff431c34
inat_final_test_SEALED,4976219296_0.jpg,4976219296,healthy,hesslaw,http://creativecommons.org/licenses/by-nc/4.0/legalcode,Triticum aestivum L.,b354d792944d490ec3b3eadbee752a647c8f50d27394513dfd1c4d96c0c95add
inat_train,4976311709_0.jpg,4976311709,healthy,kjsytsma,http://creativecommons.org/licenses/by-nc/4.0/legalcode,Triticum aestivum L.,c4d47e6242db976c9ad068cdbb4dfbc1f6ab2d2a4f66cd3de024de7f8926280e
inat_train,4976643690_0.jpg,4976643690,healthy,Don Sadowsky,http://creativecommons.org/licenses/by-nc/4.0/legalcode,Triticum aestivum L.,ded14a2a184c684bfe82e83c7006fa4d862f648bf1baa7833e0d4b4a279f0417
inat_train,4976671554_0.jpg,4976671554,healthy,Beth,http://creativecommons.org/licenses/by-nc/4.0/legalcode,Triticum aestivum L.,12da7741e9c80e7459f462d3e72bb23030df19abb02658336783b432b7ec0894
inat_train,4981953935_0.jpg,4981953935,healthy,thaliabroughton,http://creativecommons.org/licenses/by-nc/4.0/legalcode,Triticum aestivum L.,d65690238fb1d44d7318193c399b6025d3eb5a1945f12da3c29065d469680da1
inat_train,4982162043_0.jpg,4982162043,healthy,cotyf,http://creativecommons.org/licenses/by-nc/4.0/legalcode,Triticum aestivum L.,11379bb236df8f2239e841d9f6e6433fa99acc21e20cbda78583028554e55d1d
inat_final_test_SEALED,4994148861_0.jpg,4994148861,healthy,Mikael Bauer,http://creativecommons.org/licenses/by-nc/4.0/legalcode,Triticum aestivum L.,60d3b700ad94588ec95a455236c24242a7da89944fcec4fb7a389b6e784eca74
inat_train,5006835854_0.jpg,5006835854,healthy,Jamie O'Neill,http://creativecommons.org/publicdomain/zero/1.0/legalcode,Triticum aestivum L.,9bf3095ea285ae483a7fcb537462420a239fd8b5c4dfd372ece17df30a4b0f18
inat_train,5007034400_0.jpg,5007034400,healthy,Юрий,http://creativecommons.org/licenses/by-nc/4.0/legalcode,Triticum aestivum L.,670967ecc99c41ef391ed2d25c5a7aa5188acf5530b21c42f8c2cc3c15e58b7e
inat_train,5062598875_0.jpg,5062598875,healthy,Sheila Furlong,http://creativecommons.org/publicdomain/zero/1.0/legalcode,Triticum aestivum L.,d40462f94812240a840dab3b00788204461dc418e39c79dfac42773774c8a587
inat_train,5062612732_0.jpg,5062612732,healthy,Will Brantingham,http://creativecommons.org/licenses/by/4.0/legalcode,Triticum aestivum L.,f21e7110c79a3b682d20303bece6d7ffc321de6bc330c7902f86175fc8202595
inat_train,5062641709_0.jpg,5062641709,healthy,Katie,http://creativecommons.org/licenses/by-nc/4.0/legalcode,Triticum aestivum L.,fc2fd78738fd4685e0b7cb58cdbf79951ebcdc1a9cb83b0822ec5cf2ae203f84
inat_final_test_SEALED,5062656855_0.jpg,5062656855,healthy,Adele Hawkins,http://creativecommons.org/licenses/by-nc/4.0/legalcode,Triticum aestivum L.,8d1c475ddf768ae45469a274c4224b3a9d869832528bb288e3f1f4496ef21642
inat_train,5062660945_0.jpg,5062660945,healthy,S. P,http://creativecommons.org/licenses/by-nc/4.0/legalcode,Triticum aestivum L.,950963cce29d83e1ad2e45bf76c5ac8761997ca6a1b8dba5547cb7b0a309aa52
inat_train,5062684409_0.jpg,5062684409,healthy,Christine Terry,http://creativecommons.org/licenses/by-nc/4.0/legalcode,Triticum aestivum L.,8224fb041506605f0a2cd62d014f67f87f0abd4704f0f19e7462f8832ec8fcb1
inat_train,5062725866_0.jpg,5062725866,healthy,yuliris,http://creativecommons.org/licenses/by-nc/4.0/legalcode,Triticum aestivum L.,02d12140b4c3001eb7aa3abbe88c921b3774b73113411a397ad8a72c8bff8a1f
inat_final_test_SEALED,5062735982_0.jpg,5062735982,healthy,erskinner,http://creativecommons.org/licenses/by-nc/4.0/legalcode,Triticum aestivum L.,c76b48bd3af95f209d317d6112ba6906bdb32674bbf08f8b42619357ec6fb0cb
inat_train,5062743314_0.jpg,5062743314,healthy,Druv Spruce,http://creativecommons.org/licenses/by-nc/4.0/legalcode,Triticum aestivum L.,4c67ba9d24c53aa7d55e0b19fd32e8baaf6e8de17f53f74e4fabc69d35127d50
inat_train,5062816654_0.jpg,5062816654,healthy,naturewatchwidow,http://creativecommons.org/licenses/by/4.0/legalcode,Triticum aestivum L.,54149de791fe97573add06d058397f3fe88091c53adc625ddda6bcbe7f1777fb
inat_train,5062820691_0.jpg,5062820691,healthy,Nico Yak,http://creativecommons.org/licenses/by-nc/4.0/legalcode,Triticum aestivum L.,ad6f5f61f3d3a5f906bcf0ee85d860ae7453e64dfb00043c03e31bab241d6d62
inat_train,5062880782_0.jpg,5062880782,healthy,sls42,http://creativecommons.org/licenses/by-nc/4.0/legalcode,Triticum aestivum L.,a2f285708bda690eca2f47c7032ce9e4e8c5c024509d73a52d50129bbc3b8ac5
inat_final_test_SEALED,5063104183_0.jpg,5063104183,healthy,Amelia Ryan,http://creativecommons.org/licenses/by-nc/4.0/legalcode,Triticum aestivum L.,0c6db712be5fb4f329fd3155d06e15b6fc4701231628cf5142c684cc666d545c
inat_train,5087795840_0.jpg,5087795840,healthy,Víctor Huete Pelaez,http://creativecommons.org/licenses/by-nc/4.0/legalcode,Triticum aestivum L.,e03a2340f0f18135c1b675c120c1bdec61f6157d64515e6896a79872c485b6e0
inat_train,5087813464_0.jpg,5087813464,healthy,johnchau,http://creativecommons.org/licenses/by-nc/4.0/legalcode,Triticum aestivum L.,8942f078d9e1855353c4f5cfa8b766eea8cfd5fa721b1977a86b500c6db795d1
inat_train,5087849026_0.jpg,5087849026,healthy,Kiwi Shen,http://creativecommons.org/licenses/by/4.0/legalcode,Triticum aestivum L.,cf199836cdc63fa8eaaf1f152e14951ce4fb4b74e23e8e59aef192628ee8ba9a
inat_train,5108027965_0.jpg,5108027965,leaf_rust,Attila Lengyel,http://creativecommons.org/licenses/by-nc/4.0/legalcode,Puccinia cerinthes-agropyrina Tranzschel,08ca36a17ef64f18a56479b3ec9f1d61c4de828078c5ce395e88f9b4ac5ecced
inat_final_test_SEALED,5108113745_0.jpg,5108113745,leaf_rust,Felix Riegel,http://creativecommons.org/licenses/by/4.0/legalcode,Puccinia cerinthes-agropyrina Tranzschel,bd9411e06000d3bf98768d6e811014e347e16adab5c7a4e8546a6e8f0f7b6367
inat_train,5108497899_0.jpg,5108497899,healthy,faluke,http://creativecommons.org/licenses/by-nc/4.0/legalcode,Triticum aestivum L.,6b9acdc8e0f1eb8b88d7e18d9ceb3883ba6ce57a5475d0d153e2093f3cbee6e0
inat_train,5133458062_0.jpg,5133458062,healthy,spinescence,http://creativecommons.org/licenses/by-nc/4.0/legalcode,Triticum aestivum L.,a03c3557e4bf79e4f33b6f94c61b2ceaed3c61543efe11a4a9a2b6db50bdd082
inat_train,5134244448_0.jpg,5134244448,healthy,dannymaximus,http://creativecommons.org/licenses/by-nc/4.0/legalcode,Triticum aestivum L.,965082b34659c911248bed98a078a80f51fc11bbc0e9c1f041c573e801978bcc
inat_train,5134568107_0.jpg,5134568107,healthy,Jamie O'Neill,http://creativecommons.org/publicdomain/zero/1.0/legalcode,Triticum aestivum L.,3e079211bad96063b0c844e45ed3bbddf7535ff6907ff1735ccf8ab5a47d2a11
inat_final_test_SEALED,5139995079_0.jpg,5139995079,healthy,jake98snake,http://creativecommons.org/licenses/by-nc/4.0/legalcode,Triticum aestivum L.,cc48cdd9e377e2751e296f21f2f5c7f32cffd6be5161b52c0e24558c74a837c3
inat_train,5140076497_0.jpg,5140076497,healthy,ruv321,http://creativecommons.org/licenses/by-nc/4.0/legalcode,Triticum aestivum L.,d792122193692fdf1430add751be96729ae146933c713e61393520c2ec780906
inat_train,5140224988_0.jpg,5140224988,healthy,rex23hb,http://creativecommons.org/licenses/by-nc/4.0/legalcode,Triticum aestivum L.,bfb560395f2a151474e04b021ada49f2f29a699b77e1564b83998f97b4b01dd0
inat_train,5140975539_2.jpg,5140975539,leaf_rust,Martin A. Prinz,http://creativecommons.org/licenses/by-nc/4.0/legalcode,Puccinia cerinthes-agropyrina Tranzschel,a3e7382137f1559c0401c2010553eb86b871c22b7a60ff23bd88b4c460227f08
inat_final_test_SEALED,5153039031_0.jpg,5153039031,healthy,SAnderson,http://creativecommons.org/licenses/by-nc/4.0/legalcode,Triticum aestivum L.,88662f2594ef190b4d1e88da9003ba4311360c125da2a4ff60e84a21243160c4
inat_train,5153175797_0.jpg,5153175797,healthy,Caleb Moses,http://creativecommons.org/licenses/by-nc/4.0/legalcode,Triticum aestivum L.,a7babca67e876b9a4a964215108d0b6905f5f487d002b45a0f38d368841077de
inat_final_test_SEALED,5153274494_0.jpg,5153274494,healthy,Hannes Dahm,http://creativecommons.org/publicdomain/zero/1.0/legalcode,Triticum aestivum L.,0eb809c78cb92b7cb632353ea1bd4b92cb8a06358ad4757436de2a972eb0e702
inat_train,5153428364_0.jpg,5153428364,healthy,David Newton,http://creativecommons.org/licenses/by/4.0/legalcode,Triticum aestivum L.,9ad72625b8eef0b61547bf426438e24ffb5c4be863774b5d2d6722805150d769
inat_train,5153634369_0.jpg,5153634369,healthy,aichrysonlaxum,http://creativecommons.org/licenses/by-nc/4.0/legalcode,Triticum spelta L.,9ef75e091f4cb58c39e952d9c603b8cc7029cd179008a25ed21922877b0e6a02
inat_train,5154032977_0.jpg,5154032977,healthy,Martin Kalfatovic,http://creativecommons.org/licenses/by/4.0/legalcode,Triticum aestivum L.,036ada38a174423bae5ae0be2d731b60d202af584baec15ebf8d8cdbc9e69c76
inat_train,5154097317_0.jpg,5154097317,healthy,timetravelertx,http://creativecommons.org/licenses/by-nc/4.0/legalcode,Triticum aestivum L.,343097dbb685cd658c11329c185f061660ec9af441c00f007ce4d2cfc838a7a1
inat_train,5154156394_0.jpg,5154156394,healthy,lava_chen,http://creativecommons.org/licenses/by-nc/4.0/legalcode,Triticum aestivum L.,5c69516aba2ea2f2bd88bbe3687ca8b8495a3081cd3a502a6c0bb20aafe2fbb5
inat_final_test_SEALED,5154178239_0.jpg,5154178239,healthy,NJ,http://creativecommons.org/licenses/by-nc/4.0/legalcode,Triticum aestivum L.,ffd6e2145668bb7bcae344128f4a09fce06381fd4161c0e087d887d37529ed76
inat_final_test_SEALED,5154426651_0.jpg,5154426651,healthy,Chen Shu,http://creativecommons.org/licenses/by-nc/4.0/legalcode,Triticum aestivum L.,225458515a017f7278d1b154b9eea7cd0a0c26e7f0760113b233b9c751a68ba7
inat_final_test_SEALED,5154597607_0.jpg,5154597607,healthy,Tommy McGee,http://creativecommons.org/licenses/by-nc/4.0/legalcode,Triticum aestivum L.,42d7a502c853fdfb8d57dc799884c167cbc66d68d972669baff314e77dfbf9f4
inat_train,5154610754_0.jpg,5154610754,healthy,Rohan B,http://creativecommons.org/licenses/by-nc/4.0/legalcode,Triticum aestivum L.,f58748a9f64684ca73831131c11e3bee58178bfbcab356fa5690f2a8a7adaae6
inat_train,5154685127_0.jpg,5154685127,healthy,tdreyer1072,http://creativecommons.org/licenses/by-nc/4.0/legalcode,Triticum aestivum L.,026e2baf95b72bda95f3808a8ac2f39f8c34a315f8c1361e1454227398c78b43
inat_train,5154706052_0.jpg,5154706052,healthy,Olga VILLAGRASA FLORES,http://creativecommons.org/licenses/by-nc/4.0/legalcode,Triticum aestivum L.,306da19624e0f45127ee64172ae6f7cc521524996d1d5f7b5f356bbf1dd9a57a
inat_train,5167146328_0.jpg,5167146328,healthy,Michal Ducháček,http://creativecommons.org/licenses/by-nc/4.0/legalcode,Triticum aestivum L.,d9e248f8319641c21731745d186535a7a37cee8b1f6d3e373982be7fff1b93a4
inat_train,5176382738_0.jpg,5176382738,healthy,lipazbaum,http://creativecommons.org/licenses/by-nc/4.0/legalcode,Triticum aestivum L.,1232a2a251443af0e6b6aaf3432a2d5d5c3a5a79df3c990ee405aa7e9eb2e9fa
inat_train,5176386762_0.jpg,5176386762,healthy,mitstep,http://creativecommons.org/licenses/by-nc/4.0/legalcode,Triticum aestivum L.,68d701bd50c91444cd699c640ffe963c75496875dcd542ac489e297f2566c3c7
inat_train,5176862150_0.jpg,5176862150,healthy,Louis Aureglia,http://creativecommons.org/licenses/by/4.0/legalcode,Triticum aestivum L.,3c6a93bcdd3e893f7eb2b5314af571494ba8851222ff77560f32d322222424aa
inat_final_test_SEALED,5177019769_0.jpg,5177019769,healthy,ktakahashi,http://creativecommons.org/licenses/by/4.0/legalcode,Triticum aestivum L.,2dba2e59d4db9682a78521b07675361eeafb3fa44fd2fb6ad3e9cb2934ba95f6
inat_train,5177033524_0.jpg,5177033524,healthy,Louis Aureglia,http://creativecommons.org/licenses/by/4.0/legalcode,Triticum aestivum L.,efd0737d88c23e9dbe6ec98d0ed131fb7c2187413f023e8e22d4ec0549a44524
inat_final_test_SEALED,5177097809_0.jpg,5177097809,healthy,Jordi López-Pujol,http://creativecommons.org/licenses/by-nc/4.0/legalcode,Triticum aestivum L.,95fed6ad73e3b3f9f980e63208b498c117cb5dde010a939de78a8b521a6d04c9
inat_train,5177133646_0.jpg,5177133646,healthy,Howard Horne,http://creativecommons.org/licenses/by-nc/4.0/legalcode,Triticum aestivum L.,6bf024958ea463141ddeb6f592e2140b84989a21b04787847341413d209b1524
inat_train,5177176996_0.jpg,5177176996,healthy,Tommaso Sitzia,http://creativecommons.org/licenses/by-nc/4.0/legalcode,Triticum aestivum L.,def1254449cb967ca675501283d8abba2a85c3143fb9d30c47e3eb57af5d3f71
inat_train,5187779116_0.jpg,5187779116,healthy,thaven,http://creativecommons.org/licenses/by-nc/4.0/legalcode,Triticum aestivum L.,d16274f04135faba62f14d51c2c8afdd8229b5fce1bc8eff4402ae78b8537763
inat_train,5187816422_0.jpg,5187816422,healthy,dirtydogfarmmd,http://creativecommons.org/licenses/by-nc/4.0/legalcode,Triticum aestivum L.,b97219d168f456cc97be8b9f383100e0000ee9be7acecac84debef225b08d688
inat_train,5187851569_0.jpg,5187851569,healthy,pattipinto,http://creativecommons.org/licenses/by-nc/4.0/legalcode,Triticum aestivum L.,befc97d2a6d1f02c47a52b544c56e186e04236aa849e41b999baa00569f717af
inat_train,5187894016_0.jpg,5187894016,healthy,birgerg,http://creativecommons.org/licenses/by-nc/4.0/legalcode,Triticum aestivum L.,a827807ebff2623ed5ca716b2bddb58182589dc65a29649bf23088bf3480c6e4
inat_train,5187989375_0.jpg,5187989375,healthy,José David Álvarez,http://creativecommons.org/licenses/by/4.0/legalcode,Triticum aestivum L.,631562c61926ec7b1fe812732de9a4229def2f591598553f0246ab2a9a871c0a
inat_train,5188007534_0.jpg,5188007534,healthy,monikoli,http://creativecommons.org/licenses/by-nc/4.0/legalcode,Triticum aestivum L.,e3fdb3c6f2aaeed92e9ce396c491bbd7c395a440c68fc934df776442891f384e
inat_train,5188050600_0.jpg,5188050600,healthy,Adam Breneman,http://creativecommons.org/licenses/by/4.0/legalcode,Triticum aestivum L.,b613b850912d503f8e6b333d92db3338e0d801b6ccb201fed8b89a16affd9c2f
inat_train,5188078230_0.jpg,5188078230,healthy,Nick Butcher,http://creativecommons.org/licenses/by/4.0/legalcode,Triticum aestivum L.,6e0716f7eb9335a321300547b59feb87a6265e7d27e7d3c6d5f54aa2b9a1d5ee
inat_train,5188101523_0.jpg,5188101523,healthy,Conway Hawn,http://creativecommons.org/publicdomain/zero/1.0/legalcode,Triticum aestivum L.,685476214a44ff8dd5cad609b72d8719b64c295405a8815f0968b4beff8aa782
inat_train,5188107749_0.jpg,5188107749,healthy,Megan,http://creativecommons.org/licenses/by-nc/4.0/legalcode,Triticum aestivum L.,4cf7fb7915afb9c591191757e3f3609ecf8332bc630f76e6d77679445b5adcbf
inat_final_test_SEALED,5188114582_0.jpg,5188114582,healthy,maurycyandrzej,http://creativecommons.org/licenses/by-nc/4.0/legalcode,Triticum aestivum L.,86d8ecc70097a62274810ba84dacb6649cd2ded372744f85475c222cc9db534b
inat_final_test_SEALED,5188116597_0.jpg,5188116597,healthy,Quercus morisii,http://creativecommons.org/licenses/by-nc/4.0/legalcode,Triticum aestivum L.,41b91dab333208a5e7cd68b417f36b64b9966934cb69e9236c83917381ba47dd
inat_train,5188186474_0.jpg,5188186474,healthy,Benjamin Schedl,http://creativecommons.org/licenses/by-nc/4.0/legalcode,Triticum aestivum L.,b851865e05a23a8372d2722be7d0b42f9d36abce0187a02895bd5f5f11f0ff64
inat_final_test_SEALED,5188195779_0.jpg,5188195779,healthy,Petro Miroshnyk,http://creativecommons.org/licenses/by/4.0/legalcode,Triticum aestivum L.,519c9e29012f69e22805a53c67cdf173651bf0fbbbfdb3187cfd088397d5c010
inat_final_test_SEALED,5188237515_0.jpg,5188237515,healthy,silagg,http://creativecommons.org/licenses/by-nc/4.0/legalcode,Triticum aestivum L.,76052ba7aef592c1e4f1a09fc7b99a2aab1384c33c91f441a86541c08c34917c
inat_final_test_SEALED,5188288680_0.jpg,5188288680,healthy,Stanislav Lavrentyev / Станислав Лаврентьев,http://creativecommons.org/licenses/by-nc/4.0/legalcode,Triticum aestivum L.,79ff8956919c2d4657a91afdcfdb9c38115f6dcbc7a80aef558c2b4023a940fb
inat_final_test_SEALED,5188429644_0.jpg,5188429644,healthy,Kateryna Kashpurenko,http://creativecommons.org/licenses/by-nc/4.0/legalcode,Triticum aestivum L.,95aabfe910b4f22ec25b3d04c24c2735ff66d7488b1541141915010e14a74d93
inat_train,5198351570_0.jpg,5198351570,healthy,leper,http://creativecommons.org/licenses/by-nc/4.0/legalcode,Triticum aestivum L.,ac3d718141d4216de2ff5bc63b9cc6bd6bacde00804236bc48901fb5553f1def
inat_train,5198353434_0.jpg,5198353434,leaf_rust,emanon,http://creativecommons.org/licenses/by-nc/4.0/legalcode,Puccinia recondita Roberge ex Desm.,08ecba352b6aad8d53db301d3789f1e57500e16750da610e5779ad38b23a4fa1
inat_train,5198358788_0.jpg,5198358788,healthy,Ryan Sorrells,http://creativecommons.org/licenses/by/4.0/legalcode,Triticum aestivum L.,41447091f5ee88d2501f8979de5e5f837d688cec0676241ced0f84b714eb8a4e
inat_final_test_SEALED,5198525536_0.jpg,5198525536,healthy,Quercus morisii,http://creativecommons.org/licenses/by-nc/4.0/legalcode,Triticum aestivum L.,53fe15df49c938b23cfba6c21952905dce9173028d8ccbc6f7d9b4f2afe7ffcc
inat_train,5198552467_0.jpg,5198552467,healthy,palousemark,http://creativecommons.org/licenses/by-nc/4.0/legalcode,Triticum aestivum L.,8306da31b7efcb7bcd5542eb5f1dae4a32145c7e65189cdce58967fda87692c3
inat_train,5198595372_0.jpg,5198595372,healthy,Fredrik Sørensen,http://creativecommons.org/licenses/by-nc/4.0/legalcode,Triticum aestivum L.,b56248c8d97497beca4ff156f2655d8cfbbf46568c270b7db4f82f0ded60eeb6
inat_final_test_SEALED,5198616623_0.jpg,5198616623,healthy,TicTacTopiary,http://creativecommons.org/licenses/by-nc/4.0/legalcode,Triticum aestivum L.,11f90ed52257851a433d9149f255504a2151a2d26242c17f4cc6a65233388902
inat_final_test_SEALED,5198726895_0.jpg,5198726895,healthy,Jürgen Samyn,http://creativecommons.org/licenses/by-nc/4.0/legalcode,Triticum aestivum L.,5b91b251b29d22919acb6b85b0d7b748cf53c66b6704da8805482ab1cf62c4da
inat_train,5198874434_0.jpg,5198874434,healthy,Knut Jäger,http://creativecommons.org/licenses/by-nc/4.0/legalcode,Triticum aestivum L.,be00fae351c6ab1dc04aca64861f3689d865a061eb6d198088cce118bad2fd4c
inat_train,5198911935_0.jpg,5198911935,healthy,saschakk,http://creativecommons.org/licenses/by-nc/4.0/legalcode,Triticum aestivum L.,f5767ad9bed008f276ca41807db726639ea56f9cbb47a375ce46205d065ac6d8
inat_final_test_SEALED,5198927874_0.jpg,5198927874,healthy,joelmc,http://creativecommons.org/licenses/by-nc/4.0/legalcode,Triticum aestivum L.,55da55697124dca033eb4da29330a536d2bcd41847533eed97a89c8620bf5a9a
inat_train,5199050347_0.jpg,5199050347,healthy,Puzankov Aleksei,http://creativecommons.org/licenses/by-nc/4.0/legalcode,Triticum aestivum L.,4287cada8efa699044f1943cdbed9c7c01235f419001bf3544aa9da55940cac1
inat_train,5199059926_0.jpg,5199059926,healthy,Alethea Cheng,http://creativecommons.org/licenses/by-nc/4.0/legalcode,Triticum aestivum L.,aca2d7650c43a3bd2e04c852f690698f968fa6ee4f9d1a1a7810c90040004bcc
inat_train,5199086545_0.jpg,5199086545,healthy,Amanda Kuhlman,http://creativecommons.org/licenses/by-nc/4.0/legalcode,Triticum aestivum L.,50fa617a5faf97aba560c8cad9e7271343493001fc4fa83f6c3c78fffc00f575
inat_final_test_SEALED,5199262362_0.jpg,5199262362,healthy,natalie_02,http://creativecommons.org/licenses/by-nc/4.0/legalcode,Triticum aestivum L.,8a3c98d9da6a0d1ffb2c371739da63cee1712d18f5382156d64ac4429bb0925e
inat_final_test_SEALED,5205818321_0.jpg,5205818321,healthy,Mario Vega Pérez,http://creativecommons.org/licenses/by-nc/4.0/legalcode,Triticum aestivum L.,14c7f52ed7e3006e963e61245bab864f397667a0891bf3a04dd0bb56b0ae5d32
inat_train,5205822232_0.jpg,5205822232,healthy,Kurt Nadler,http://creativecommons.org/licenses/by-nc/4.0/legalcode,Triticum aestivum L.,ca99a258df115374f7b301db787aef192a66f40030d9b8c582cc1e223d392fe7
inat_train,5205864594_0.jpg,5205864594,healthy,Martinho-Fiz López Lindoso,http://creativecommons.org/licenses/by-nc/4.0/legalcode,Triticum aestivum L.,f40d1d77a20ba59f664b4464bcdea80b3a2b9776953f857d1dafa576b8c19830
inat_train,5205869525_0.jpg,5205869525,healthy,wetlandwanderer,http://creativecommons.org/licenses/by-nc/4.0/legalcode,Triticum aestivum L.,d8ef78326b6fc7deb2b86c81aae6f46d1001e6e05c64898aaa2229b3ff56a772
inat_train,5205898511_0.jpg,5205898511,healthy,Yves Bomal,http://creativecommons.org/licenses/by-nc/4.0/legalcode,Triticum aestivum L.,7cb43061263aeb2eaf4575479cda2b3d7602e50a168e2c8c79b1ad6e450419eb
inat_train,5205905516_0.jpg,5205905516,healthy,mahkilyanek,http://creativecommons.org/licenses/by-nc/4.0/legalcode,Triticum aestivum L.,10691dae6dfa025c9f065a838b3e8d0be48e28de52152af1c6e304e433b888ff
inat_train,5205953665_0.jpg,5205953665,healthy,petefytche,http://creativecommons.org/licenses/by-nc/4.0/legalcode,Triticum aestivum L.,a5d31a968948d6c60b7bb0512815e8b402e86d43fdca68e6f0be847ebae56b42
inat_train,5206129526_0.jpg,5206129526,healthy,Keara R. Giannotti,http://creativecommons.org/licenses/by-nc/4.0/legalcode,Triticum aestivum L.,b5aa1992664be5a90c486d47c30987de4d4d773a0520617eb05628dd30ad9f39
inat_train,5206172508_0.jpg,5206172508,healthy,Anthony O'Leary,http://creativecommons.org/publicdomain/zero/1.0/legalcode,Triticum aestivum L.,3901dd89f4b53e0f0558a868b51c258f9c0fc32d885702e9cbd56fe12da60e6e
inat_train,5206338514_0.jpg,5206338514,healthy,seniormasozravac,http://creativecommons.org/licenses/by-nc/4.0/legalcode,Triticum aestivum L.,e794401c91f6b2b914531cc41945d60eb919f7ebc2ac3813348047420d64973c
inat_train,5206356493_0.jpg,5206356493,healthy,Deryl Nethercott,http://creativecommons.org/licenses/by-nc/4.0/legalcode,Triticum aestivum L.,b521bfce70ad8c677e3b3fa2ed1c96a60c457c8ba5af0792f7bda17c9076cd0d
inat_train,5206606510_0.jpg,5206606510,healthy,wilderbombyx,http://creativecommons.org/publicdomain/zero/1.0/legalcode,Triticum aestivum L.,cdaf7fc94a2c7fbf1aa3f948100e7204a7ec85cce3e5765b3ca1a8f18eba55ce
inat_train,5206658488_0.jpg,5206658488,healthy,Lisa Travis,http://creativecommons.org/licenses/by-nc/4.0/legalcode,Triticum aestivum L.,1703b7385ad194453f4d1fbd093bbcb5e82631b5361d5b5124756688d996c10b
inat_train,5206671488_0.jpg,5206671488,healthy,Kristene Shaw,http://creativecommons.org/licenses/by-nc/4.0/legalcode,Triticum aestivum L.,caa394ce014357c4a4fb8afa09f9ca38b0ad9ec225e1a6baa1a823cbe26420e3
inat_final_test_SEALED,5215819560_0.jpg,5215819560,healthy,Vittorio Bellotto,http://creativecommons.org/licenses/by-nc/4.0/legalcode,Triticum aestivum L.,44c69f9a83a0066cd3a439e1b279024e6db99e70070fe2ac4e0e5b80755b0abb
inat_train,5216456818_0.jpg,5216456818,healthy,Ben Engels,http://creativecommons.org/licenses/by-nc/4.0/legalcode,Triticum aestivum L.,ad5ec61b9ecc54fb53a6263e145a775c6430b686af44d35dce496a6de9349ff0
inat_train,5216666868_0.jpg,5216666868,healthy,primel,http://creativecommons.org/licenses/by-nc/4.0/legalcode,Triticum aestivum L.,69b8a4fb75a5a5bb6295750f7093b39318f36358b9bdb5581209246d0002bf6d
inat_train,5216985748_0.jpg,5216985748,healthy,jsulan,http://creativecommons.org/licenses/by-nc/4.0/legalcode,Triticum aestivum L.,474f7933677c4d1e1e324602e5b18036075e61bc3b32ecfcc612e256182ad1cf
inat_train,5217000894_0.jpg,5217000894,healthy,lightingnerd,http://creativecommons.org/licenses/by-nc/4.0/legalcode,Triticum aestivum L.,ec38df1e5b939b140c64a6ea63228556e0e1153efc1908deb1a9c53e3212dcbe
inat_final_test_SEALED,5217015451_0.jpg,5217015451,healthy,Vittorio Bellotto,http://creativecommons.org/licenses/by-nc/4.0/legalcode,Triticum aestivum L.,85b293cf5763c6675e1fd0e1f1ee5522d9bc5191f74f402fd770d9288ac384f2
inat_train,5217020971_0.jpg,5217020971,healthy,roby,http://creativecommons.org/licenses/by-nc/4.0/legalcode,Triticum aestivum L.,6e5ce11cb4654b1d6761a383590d27020cc2b1389e3d958d0c1534f6b8f6ee8b
inat_final_test_SEALED,5217058205_0.jpg,5217058205,healthy,ecomo,http://creativecommons.org/licenses/by-nc/4.0/legalcode,Triticum aestivum L.,8956e7a29893f9f46797c950e2b1703c5cdd44835c9cc2424043941f6882a791
inat_final_test_SEALED,5217087718_0.jpg,5217087718,healthy,chadstach,http://creativecommons.org/licenses/by-nc/4.0/legalcode,Triticum aestivum L.,80432edfe57aee8d5849280c051894b714089a2f021e97d14ca12e912a394f53
inat_train,5217304121_0.jpg,5217304121,healthy,Nick,http://creativecommons.org/licenses/by-nc/4.0/legalcode,Triticum aestivum L.,446974e33e8f40587ceafc06ab4ad9c8986888be183d89f15c2a4269faea9827
inat_final_test_SEALED,5217382564_0.jpg,5217382564,healthy,Drew,http://creativecommons.org/licenses/by-nc/4.0/legalcode,Triticum aestivum L.,52aaba480d228dfd2d7766b5312f501557307a05d92ca5e25057645bc2d4a092
inat_final_test_SEALED,5217483054_0.jpg,5217483054,healthy,janelew,http://creativecommons.org/licenses/by-nc/4.0/legalcode,Triticum aestivum L.,a118a0a8989cc73f902ea917ff47f31d6c476918259376cd296b9124721d92c7
inat_train,5217484561_0.jpg,5217484561,healthy,David Rubin,http://creativecommons.org/licenses/by-nc/4.0/legalcode,Triticum aestivum L.,30a06e06ac1d386e8b477481b3dc50ac68f00db9ef992e52291555dc91f4da07
inat_train,5217582180_0.jpg,5217582180,healthy,john,http://creativecommons.org/licenses/by-nc/4.0/legalcode,Triticum aestivum L.,0828824c4b9719ad45bb9b86ed0a38540e8b3f5f24fa4e76266aaf62a23cf482
inat_train,5230344879_0.jpg,5230344879,healthy,Norbert Sauberer,http://creativecommons.org/licenses/by-nc/4.0/legalcode,Triticum aestivum L.,d51129b831144990e2c0fbaa430ec192d0cfca51e3fa295f2bf812e293c87fa0
inat_final_test_SEALED,5230477392_0.jpg,5230477392,healthy,Elizabeth Schultheis,http://creativecommons.org/licenses/by-nc/4.0/legalcode,Triticum aestivum L.,fee468f227950f6c33b352bbe2e847da340b41a1871ac101b781f53039964e1a
inat_train,5230702739_0.jpg,5230702739,healthy,bilybil,http://creativecommons.org/licenses/by-nc/4.0/legalcode,Triticum aestivum L.,59e765c78700e8178ae98726d003ae7f277588480e65b1684eac97a5d9361250
inat_train,5231227925_0.jpg,5231227925,healthy,prominence7,http://creativecommons.org/licenses/by-nc/4.0/legalcode,Triticum aestivum L.,8726d95673b442f2134ad8e8a495e0853d0fd7d2213f99670b811c32590db029
inat_train,5231853686_0.jpg,5231853686,healthy,Арина Недоливко,http://creativecommons.org/licenses/by-nc/4.0/legalcode,Triticum aestivum L.,e2bdfce6b00679c38a1c44a601cd4e6f869135534581cc5b912391a45634050c
inat_train,5237676616_0.jpg,5237676616,healthy,歐陽秀華,http://creativecommons.org/licenses/by-nc/4.0/legalcode,Triticum aestivum L.,150040a85c88fb2a6c03118edec68ca960a457f972c5730ef5bfee91a07857c9
inat_train,5281773322_0.jpg,5281773322,healthy,wilstoncakes86,http://creativecommons.org/licenses/by-nc/4.0/legalcode,Triticum aestivum L.,22cb9072388ce7ae185d4b9bd082ce99aa6fd0edda24dc1e8a23f82a63f3671a
inat_train,5281800237_0.jpg,5281800237,healthy,Fabio Schwab,http://creativecommons.org/licenses/by/4.0/legalcode,Triticum spelta L.,b2bc61d3298684b87b2bb10763d9f280db8f8ae9bb37726284c4b25677cb15bc
inat_train,5281833657_0.jpg,5281833657,healthy,Елена Левкина,http://creativecommons.org/licenses/by-nc/4.0/legalcode,Triticum aestivum L.,399effee8863f7afbbf2a289dd12207e43791b2216bdc465499d8dd4ffe09f91
inat_train,5281856534_0.jpg,5281856534,healthy,Marina Lyubanskaya,http://creativecommons.org/licenses/by-nc/4.0/legalcode,Triticum aestivum L.,4d8eec80363228deab55bd4fa9d0c9a9e3dbb564d2bb133bab07b586b25f7423
inat_train,5281915846_0.jpg,5281915846,healthy,Andrew Skotnicki,http://creativecommons.org/licenses/by/4.0/legalcode,Triticum aestivum L.,6c0dc65ffbf65c687f1c780c18802f0954d4569155a9ba245da0fa827da9b9b5
inat_train,5282042611_0.jpg,5282042611,healthy,Chifong Leong,http://creativecommons.org/licenses/by-nc/4.0/legalcode,Triticum aestivum L.,2a066d474a07578dbe732ccb9cea8bf63f6323993c766d0add7a172e016ab82d
inat_train,5282044063_0.jpg,5282044063,healthy,lolli2500,http://creativecommons.org/licenses/by-nc/4.0/legalcode,Triticum aestivum L.,fceb0c18c211cd826545813d0b6e9e0bd912ed67c1a7ca1e897cc23ccdbd806d
inat_train,5282067187_0.jpg,5282067187,healthy,arisha788,http://creativecommons.org/licenses/by-nc/4.0/legalcode,Triticum aestivum L.,f91c987bc2aba170df5e49e9ee0c093d571bf34c856dce29db03fe232d53a57f
inat_train,5282081381_0.jpg,5282081381,healthy,austinshupp,http://creativecommons.org/licenses/by-nc/4.0/legalcode,Triticum aestivum L.,0e039fc21e7c078bf16bb5cffd3432f9285f7e8e57317dc838356b085891476c
inat_train,5282156752_0.jpg,5282156752,healthy,Илья Руденко,http://creativecommons.org/licenses/by/4.0/legalcode,Triticum aestivum L.,1b0ba35548b6444ea572b1dde26c29144703a82776307be595c5f4c930a4706f
inat_train,5282243407_0.jpg,5282243407,healthy,paolo_86,http://creativecommons.org/licenses/by-nc/4.0/legalcode,Triticum aestivum L.,949b9839459f40e96d5a04ebec7a82798c300ada90cb968ff61c9510cf796c97
inat_final_test_SEALED,5282354224_0.jpg,5282354224,healthy,igni,http://creativecommons.org/licenses/by-nc/4.0/legalcode,Triticum aestivum L.,bc0b239ee53bb45484d14ed7fff81c63c5a531127b105b4e5dafe8f5754b7f15
inat_train,5282618969_0.jpg,5282618969,healthy,stephcheers,http://creativecommons.org/licenses/by-nc/4.0/legalcode,Triticum aestivum L.,ba51f522dd0a37c748be9359af2488708fa35022075702ec52e1b890ae09d81a
inat_train,5291772194_0.jpg,5291772194,healthy,ellen_w,http://creativecommons.org/licenses/by-nc/4.0/legalcode,Triticum aestivum L.,c4fd934ae00a7500b1cb19b368fb17a2893b022ce2baa49c00565fffe6f5ac59
inat_train,5291787364_0.jpg,5291787364,healthy,air48,http://creativecommons.org/licenses/by-nc/4.0/legalcode,Triticum aestivum L.,ba1ded3481449bf04c3edc8b19fb802652ed0cee079d79988bf90d5170b87b80
inat_train,5291857558_0.jpg,5291857558,healthy,dottedpink,http://creativecommons.org/licenses/by-nc/4.0/legalcode,Triticum aestivum L.,7fbce4b585903ac7c83ea59b188b155d5d7281c54f2c419043b1162cc5cd2862
inat_train,5291894546_0.jpg,5291894546,healthy,Magdalena Podziewska,http://creativecommons.org/licenses/by-nc/4.0/legalcode,Triticum aestivum L.,da2d4ff859da7d94a93e438db18299d2110d906d051ace1b8a6e3d05e6a5131d
inat_final_test_SEALED,5292409309_0.jpg,5292409309,healthy,Hannu Korkala,http://creativecommons.org/licenses/by-nc/4.0/legalcode,Triticum aestivum L.,b35ea9d0b3f2ea479a858575bc80f037e6c6fb15b2bb557d9fa98362307f5494
inat_train,5292521203_0.jpg,5292521203,healthy,Julia V. Shner,http://creativecommons.org/licenses/by-nc/4.0/legalcode,Triticum aestivum L.,7ae8af3622fee314b732655571cb35a197ec91563128dffce99647a93c426ad2
inat_train,5292676573_0.jpg,5292676573,healthy,Людмила Михайлова,http://creativecommons.org/licenses/by-nc/4.0/legalcode,Triticum aestivum L.,f9ead7763793bc1447857e549ea565571da6c2e26dd38a682ee6d49006cd5391
inat_train,5292765191_0.jpg,5292765191,healthy,muddmudder,http://creativecommons.org/licenses/by-nc/4.0/legalcode,Triticum aestivum L.,e37f8189eb3c4ec0b97faabc14ca69d6ec90a6c3e462455e2399d22363d82305
inat_train,5292891333_0.jpg,5292891333,healthy,thomas_99,http://creativecommons.org/licenses/by-nc/4.0/legalcode,Triticum aestivum L.,238e4646480cd4b19e4e79dcb8564944759a102555ea74381af5f00c74a0934e
inat_train,5292946211_0.jpg,5292946211,healthy,Jiří Danihelka,http://creativecommons.org/licenses/by-nc/4.0/legalcode,Triticum aestivum L.,a2e8a8fd825c561012a0238376607f13214c8798c41f17a77c60e18844e6c96b
inat_train,5292953077_0.jpg,5292953077,healthy,Corinna Knoglinger,http://creativecommons.org/licenses/by-nc/4.0/legalcode,Triticum aestivum L.,8ee0d26abc6ec1ebc3ed4b089bae287f29f04542454769daa34a772e0fc79d21
inat_train,5759814159_0.jpg,5759814159,healthy,Yury Kvach,http://creativecommons.org/licenses/by-nc/4.0/legalcode,Triticum aestivum L.,bda29c6122ef94ece17538c0bcd82a6bcfca3ccd602a71c1814f62b99c0d1121
inat_train,5759876598_0.jpg,5759876598,healthy,Гузель,http://creativecommons.org/licenses/by-nc/4.0/legalcode,Triticum aestivum L.,9704c8b9b0928407d709a5d9466d2d577856518d1e2870380fde3bef49a20607
inat_train,5760404038_0.jpg,5760404038,healthy,a-98_k,http://creativecommons.org/licenses/by-nc/4.0/legalcode,Triticum aestivum L.,21efa320a481132f76082fb99aaa8ec8ea10da9e5587a9087977a1f9e2ac5d37
inat_final_test_SEALED,5760690798_0.jpg,5760690798,leaf_rust,Finn Harrigan,http://creativecommons.org/licenses/by-nc/4.0/legalcode,Puccinia triticina Erikss.,2ac63cd680fe7453e94cd99bd11ce487c3b84bf1049e9298a672f889cffb0304
inat_final_test_SEALED,5760782242_0.jpg,5760782242,healthy,thistleindigo,http://creativecommons.org/licenses/by-nc/4.0/legalcode,Triticum aestivum L.,037d9c865a91eaacec656d3260c06792550d123e4b47866e9065c768a9da5f10
inat_train,5761128241_0.jpg,5761128241,healthy,camille1971,http://creativecommons.org/licenses/by-nc/4.0/legalcode,Triticum aestivum L.,b7b4273a2fd533367c12e2878c5d2c7c230e00c37d0105ab9a9af620228aadac
inat_train,5827426204_0.jpg,5827426204,healthy,Степченков Андрей Анатольевич,http://creativecommons.org/licenses/by-nc/4.0/legalcode,Triticum aestivum L.,8ae5ae35aa27c439b2b3c38386f53de175518f64635138eb4ba67e15cd06ab35
inat_train,5827756860_0.jpg,5827756860,healthy,Елена Левкина,http://creativecommons.org/licenses/by-nc/4.0/legalcode,Triticum aestivum L.,98997909dfcfb637274aefe4dca71b520a00d5f1989a1907d65a84fd5039cb8f
inat_train,5828252109_0.jpg,5828252109,healthy,aahsasmi,http://creativecommons.org/licenses/by-nc/4.0/legalcode,Triticum aestivum L.,dfaa407242e5530dbd2e12201dd6b32deb4709eddbdbd9be71ed428d8d0a6a55
inat_train,5828461475_0.jpg,5828461475,healthy,Ken Kneidel,http://creativecommons.org/publicdomain/zero/1.0/legalcode,Triticum aestivum L.,5fc7ea9f23de11c92194e8c5200e26a04d030e9d5dac36aacfe493966e4b53a8
inat_train,5828525928_0.jpg,5828525928,healthy,india-louise,http://creativecommons.org/licenses/by-nc/4.0/legalcode,Triticum aestivum L.,0f40fa10d80ec6d5f9b312b56fafff7c2cef35ead442cf173070fad7a16aac6e
inat_train,5828543387_0.jpg,5828543387,healthy,s z,http://creativecommons.org/licenses/by-nc/4.0/legalcode,Triticum aestivum L.,86033ac5308e45b1a14257cb4b2e431502694fab28763d9f44e0dfc9f7fe8f61
inat_train,5828646701_0.jpg,5828646701,healthy,Shilpa Gadgil,http://creativecommons.org/licenses/by-nc/4.0/legalcode,Triticum aestivum L.,1eec07ad4f20f5ed21931e373b75cfd1e5d78c4ba343122dbb8405f74cdd51ea
inat_train,5830355364_0.jpg,5830355364,healthy,Ирина Бортникова,http://creativecommons.org/licenses/by-nc/4.0/legalcode,Triticum aestivum L.,22b03d12602511922a741db8dda43d948e590f865ee21b503577cf7a459733c4
inat_train,5830385365_0.jpg,5830385365,healthy,James Phillips,http://creativecommons.org/licenses/by-nc/4.0/legalcode,Triticum aestivum L.,3ee50a056599d703af83bfd7e104ee4ab25da6fa1f61cafb09db3eb2ff8b1c66
inat_final_test_SEALED,5830429630_0.jpg,5830429630,healthy,Ewen Le Scornec,http://creativecommons.org/licenses/by-nc/4.0/legalcode,Triticum aestivum L.,a761dd967f458c0467f6d41d371254297e35891994a882111926f6dadcaf0505
inat_train,5837801249_0.jpg,5837801249,healthy,alme-riquelme2_,http://creativecommons.org/licenses/by-nc/4.0/legalcode,Triticum aestivum L.,1099bdad9fdcc231c89e65a372cea886026eb31d230a9ef88ed0da9b2aab72ad
inat_train,5839884665_0.jpg,5839884665,healthy,Crim Science,http://creativecommons.org/licenses/by-nc/4.0/legalcode,Triticum aestivum L.,c1bb4db5357f0e65a9e63ca2516089113c63a2ffb648064f478d9df6aad158c6
inat_train,5840094237_0.jpg,5840094237,healthy,Bradlp10,http://creativecommons.org/licenses/by-nc/4.0/legalcode,Triticum aestivum L.,a275a151f9f7eb2de9b2b306a9f0d7dac0886ffe740d0e9544eedcad51962a0e
inat_train,5840117562_0.jpg,5840117562,healthy,Simón Pla García,http://creativecommons.org/licenses/by-nc/4.0/legalcode,Triticum aestivum L.,f96d562f69a0db7be4e06d97593897faae2f9fd5e61eb51fae1ef86cc72f945a
inat_train,5840296752_0.jpg,5840296752,healthy,J Syd,http://creativecommons.org/licenses/by-nc/4.0/legalcode,Triticum aestivum L.,6a05e5e2309c31bf648b614911a17f69f6b95e186561cdfa6ca3928a70f07ac4
inat_train,5840346861_0.jpg,5840346861,healthy,Marilynn Miller,http://creativecommons.org/licenses/by/4.0/legalcode,Triticum aestivum L.,9af22aa2fc68921f3eb3e472ef27fffe36db5b8cf06f074430162704c1807b9a
inat_final_test_SEALED,5840408288_0.jpg,5840408288,healthy,Alex,http://creativecommons.org/licenses/by-nc/4.0/legalcode,Triticum aestivum L.,ab073a0fb496984b8b14c3ce34335a915be2b23d5b290780bd8cc46e38f38761
inat_train,5844138510_0.jpg,5844138510,healthy,tom2tom,http://creativecommons.org/licenses/by-nc/4.0/legalcode,Triticum aestivum L.,a58723bd55fdbbb923fa115499c8d8276d4eeb7a8b12e103a275134363595a96
inat_train,5844227210_1.jpg,5844227210,powdery_mildew,carnifex,http://creativecommons.org/publicdomain/zero/1.0/legalcode,Blumeria graminis (DC.) Speer,b29182e8fd2e9798e068d20012504c9c5a59606731c8eb96b7e3105af0f3ec29
inat_train,5844416781_0.jpg,5844416781,powdery_mildew,Bohan Jia,http://creativecommons.org/licenses/by-nc/4.0/legalcode,Blumeria graminis (DC.) Speer,6968d9bc330b2fc639dba50c639610fc23dee416752d506f08ee1a867dbd3880
inat_train,5889295938_0.jpg,5889295938,healthy,courtney Talley,http://creativecommons.org/licenses/by-nc/4.0/legalcode,Triticum aestivum L.,48ebfbe5b9952cc34d1416b73bae6516bdcd837976a3d4ba69e3f9fa664e417d
inat_final_test_SEALED,5889473888_0.jpg,5889473888,healthy,cahnimals,http://creativecommons.org/licenses/by-nc/4.0/legalcode,Triticum aestivum L.,d29c5f07a2b72ccc309e417742d84f88d4949754e4692b964e596d7e1d2b4660
inat_train,5889535944_0.jpg,5889535944,healthy,barneybeast,http://creativecommons.org/licenses/by-nc/4.0/legalcode,Triticum aestivum L.,4d144b7b9628b38b9a4438ccfd7efc57c843b27f71ab63cf97cc924da4193e70
inat_train,5889745006_0.jpg,5889745006,healthy,oliver929929292,http://creativecommons.org/licenses/by-nc/4.0/legalcode,Triticum aestivum L.,c439371a4881354f70e1330a679d1702caf05f661871d28eb05ccf4d3f66cb7c
inat_train,5889770168_0.jpg,5889770168,healthy,Lauu,http://creativecommons.org/licenses/by/4.0/legalcode,Triticum aestivum L.,6c6fe1857274e515010404d9ac65bf4e04e4135cea5e7ee547ea396cdb7a9452
inat_train,5889811201_0.jpg,5889811201,healthy,Jo Roberts,http://creativecommons.org/publicdomain/zero/1.0/legalcode,Triticum aestivum L.,bc7d699df2bab8d88dd89a625d07865c2047fc5303a40a0a5e176f44602451fd
inat_train,5890401034_0.jpg,5890401034,healthy,rhettjackson,http://creativecommons.org/licenses/by-nc/4.0/legalcode,Triticum aestivum L.,c593be52f64564bd550289295abe8fd7830f3924684f76205bc833ef73c2380d
inat_train,5890407691_0.jpg,5890407691,healthy,Felipe Horton,http://creativecommons.org/licenses/by/4.0/legalcode,Triticum aestivum L.,19eab077b03c386314d0d4528462a6728845e0021f489edd4ad0a8d6f46e62f8
inat_final_test_SEALED,5908886725_2.jpg,5908886725,stem_rust,cgmayers,http://creativecommons.org/publicdomain/zero/1.0/legalcode,Puccinia graminis Pers.,4f7dcc4e8471862ba3f0de88c7a1877db9cb924c3ee5ec786172790a1803657f
inat_train,5908943937_0.jpg,5908943937,healthy,Алина Валерьевна,http://creativecommons.org/licenses/by-nc/4.0/legalcode,Triticum aestivum L.,c09418e15b553cf8ee1c2dd7c0ae8d9bdccef989e8b4c7343d5536a89194ff95
inat_train,5909164048_0.jpg,5909164048,healthy,harrylurling,http://creativecommons.org/licenses/by/4.0/legalcode,Triticum aestivum L.,10ab18a1ab725235009b414e8b23eae2de881a9e8dec03641623e0489661ad67
inat_train,5909182643_0.jpg,5909182643,healthy,dikushkin1,http://creativecommons.org/licenses/by-nc/4.0/legalcode,Triticum aestivum L.,5bbb96080a7bfae6709629a4047e10c7906c9d8df3468c6d16516d425bed265d
inat_train,5909248430_0.jpg,5909248430,healthy,Eduard I. Vatutin,http://creativecommons.org/licenses/by-nc/4.0/legalcode,Triticum aestivum L.,41ba4ddd64fc51213ad6a163afe1dc19018ff65706869e1f5ff0085241d9a284
inat_train,5909254608_0.jpg,5909254608,healthy,yana_005,http://creativecommons.org/licenses/by-nc/4.0/legalcode,Triticum aestivum L.,c992066abb695a601a66f1580a6869872e8700f085e5d2d474f6235fcdc4e74b
inat_train,5920130958_0.jpg,5920130958,healthy,diana schwartz,http://creativecommons.org/licenses/by/4.0/legalcode,Triticum aestivum L.,a6484ac16a3b67762c438d430f51160ed18d0ca2b83e883e73bfedc3832b3135
inat_final_test_SEALED,5935197329_0.jpg,5935197329,healthy,Marta Herrera,http://creativecommons.org/licenses/by-nc/4.0/legalcode,Triticum aestivum L.,fc7783f54aac0ab9c00f4bfe6bcf432eb220afcae0fea4eb79d92fb1e1b73dd3
inat_train,5936280646_0.jpg,5936280646,healthy,André Terwei,http://creativecommons.org/licenses/by-nc/4.0/legalcode,Triticum aestivum L.,07fca3de691e80ba5337dd4e6c0fbe7d270ec0cbef479f8392d3843f6b1bc073
inat_train,6130367005_0.jpg,6130367005,healthy,ruxlourenco,http://creativecommons.org/licenses/by-nc/4.0/legalcode,Triticum aestivum L.,a3911f19d9feb5b54afcbae400bb8e009f63e0e551317a0922c42f1410acacdc
inat_train,6130988509_0.jpg,6130988509,healthy,boidboul,http://creativecommons.org/licenses/by-nc/4.0/legalcode,Triticum aestivum L.,e07fa619cb487cfebab57ac15c761ece78cc04013ff5eef11b5e369a50863ac8
inat_final_test_SEALED,6147175222_0.jpg,6147175222,healthy,Dr Babaji Ghewade,http://creativecommons.org/licenses/by-nc/4.0/legalcode,Triticum aestivum L.,dc4aace96b8ef5d6a15165f60a8ccd111d4ede92d1022e23958112ab8d9a188d
inat_train,6147294409_0.jpg,6147294409,healthy,newcastle_plants,http://creativecommons.org/licenses/by-nc/4.0/legalcode,Triticum aestivum L.,da217549e245ceb8b4c51d793d6ce91b019d53e5b7aa0ee8fea6e66037ec2ffb
inat_train,6147510331_0.jpg,6147510331,healthy,Gregory Wada,http://creativecommons.org/licenses/by/4.0/legalcode,Triticum aestivum L.,f34c09fbde8e72b51f7aae9cbabbf0ad0c3ef754bd82b87f03b19055c1f00f1d
inat_final_test_SEALED,6147719514_0.jpg,6147719514,healthy,Sohail Madan,http://creativecommons.org/licenses/by-nc/4.0/legalcode,Triticum aestivum L.,4e6163ec2004740d06c5e0b08a935e7096665d59419e67951314bf8bd227e845
inat_train,6162915714_0.jpg,6162915714,healthy,grantearth,http://creativecommons.org/licenses/by-nc/4.0/legalcode,Triticum aestivum L.,188ed8c6c6150a066c4e4cddd205c20f8764a8a6f9f6ded6cb315f56f639e40a
inat_final_test_SEALED,6163044781_0.jpg,6163044781,healthy,Dr Babaji Ghewade,http://creativecommons.org/licenses/by-nc/4.0/legalcode,Triticum aestivum L.,600d7412b9bb660fe63cb5f31a32caedef8ddb65b3c7881ae468a9b7458435d0
inat_train,6185244887_0.jpg,6185244887,healthy,magdalenacatella,http://creativecommons.org/licenses/by-nc/4.0/legalcode,Triticum aestivum L.,a550f18d783c8ad6d7f723d685f46a7de89daa6230044092e059156a597bf724
inat_final_test_SEALED,6185644391_0.jpg,6185644391,healthy,Igor,http://creativecommons.org/licenses/by-nc/4.0/legalcode,Triticum aestivum L.,8c85b61454e31d93698c861d483114b1d9a1488bd14cc52506651ed85970552c
inat_train,6185661630_0.jpg,6185661630,healthy,Iván,http://creativecommons.org/licenses/by-nc/4.0/legalcode,Triticum aestivum L.,1bc28a225e8bdb359c4da94f86cb252e85a0d47f43b6d385ac939b4363e058ae
inat_train,6185762656_0.jpg,6185762656,healthy,eva_b_s,http://creativecommons.org/licenses/by-nc/4.0/legalcode,Triticum aestivum L.,4b02c10bc7b6537a8570ef33ad28872aa20d50e9025df1c8f29c79ea8a57ff84
inat_train,6188648442_0.jpg,6188648442,healthy,m2b,http://creativecommons.org/licenses/by-nc/4.0/legalcode,Triticum aestivum L.,6bcde90c4ccb41cbec106b56c4aa138be8224f8759eb74632c2ff37f04fa8cfd
inat_train,6234720702_0.jpg,6234720702,healthy,ChelseeS,http://creativecommons.org/licenses/by-nc/4.0/legalcode,Triticum aestivum L.,e18cf775d1704fe2c586bc6fb4da28e1fb68d4fc5e2fa0aab07f0fa186d5fa0c
inat_train,6234821747_0.jpg,6234821747,healthy,antennen,http://creativecommons.org/licenses/by-nc/4.0/legalcode,Triticum aestivum L.,a6ea625707d68119cfda0b70edaeb0e69deed848a9ccee9fe5b381282918f6f3
inat_train,6235442948_0.jpg,6235442948,healthy,charley,http://creativecommons.org/licenses/by-nc/4.0/legalcode,Triticum aestivum L.,471de5729b5f57d18754b8c54ac1aaa3412769860d01f9ecfb1c81d6d704617e
inat_train,6251935707_0.jpg,6251935707,healthy,Laurent Kloetzer,http://creativecommons.org/publicdomain/zero/1.0/legalcode,Triticum aestivum L.,c825ba46ede77d17766ef50a37e843061a19bd1a678c332eeb5ede6081713d86
inat_final_test_SEALED,6273265574_0.jpg,6273265574,healthy,莲子,http://creativecommons.org/licenses/by-nc/4.0/legalcode,Triticum aestivum L.,814a88faaa99e613a034682afc95d7feff42ab0af494433a0ebfb1521e852876
inat_train,6320278510_0.jpg,6320278510,healthy,Nikita Tiunov,http://creativecommons.org/licenses/by-nc/4.0/legalcode,Triticum aestivum L.,5a983a92cad3bc2b0b800e757a1585fcccb66dfe19612f84eb4eefbfc8a032bb
inat_final_test_SEALED,6320579455_0.jpg,6320579455,healthy,Paolo Zucca,http://creativecommons.org/licenses/by/4.0/legalcode,Triticum aestivum L.,69426d30be0b78ee273e542e93357bdec82daa79115852901363c4f948b4f36b
inat_final_test_SEALED,6321073548_0.jpg,6321073548,healthy,orientalstork,http://creativecommons.org/licenses/by-nc/4.0/legalcode,Triticum aestivum L.,52f2bbf6b19ef5dfed508ca44296fbfc1d3eea10925d7cfcbe444d4d0f9935da
inat_train,6334592703_0.jpg,6334592703,healthy,Víctor González García,http://creativecommons.org/licenses/by-nc/4.0/legalcode,Triticum aestivum L.,a2e0cba9cf7c9ccdd835fcbae281e87e0192ab8d0bd9cfb37a32f93223ab00b4
inat_train,6352499363_0.jpg,6352499363,healthy,Big Weeds,http://creativecommons.org/licenses/by-nc/4.0/legalcode,Triticum aestivum L.,a9fe9458ec676b4cefdd5d59715ee99ba64594c268279a515eab051a71b82607
inat_train,6353154393_0.jpg,6353154393,healthy,keriamg,http://creativecommons.org/licenses/by-nc/4.0/legalcode,Triticum aestivum L.,03f78524bdf7346d75e0401c7b4b818a75ef1190dd9852c245e8aa7fc013dc3d
inat_train,6353270700_1.jpg,6353270700,powdery_mildew,Jake Dalzell,http://creativecommons.org/licenses/by/4.0/legalcode,Blumeria graminis (DC.) Speer,bc79fb17e5355180f3be5b577388243fb986a0cca52453372fffa571f0a92f58
inat_final_test_SEALED,6353374662_0.jpg,6353374662,healthy,Pintérová Nikoletta,http://creativecommons.org/licenses/by-nc/4.0/legalcode,Triticum aestivum L.,0cffe3d6fd341f0d43d9bc50c3a20d81b3c5f4a557635a3e80e97b9c179a5093
inat_train,6398610088_0.jpg,6398610088,healthy,Andrii Radzhabov,http://creativecommons.org/licenses/by-nc/4.0/legalcode,Triticum aestivum L.,66c2f37722e298c60a1c2db843482c249ec81b147a4a6bcc33e1b4fea4d02f55
inat_train,6398624089_0.jpg,6398624089,healthy,Sue Janssen,http://creativecommons.org/licenses/by-nc/4.0/legalcode,Triticum aestivum L.,664b5638f215325138d93bc348d5212bbb4e01da7b95edad693f79bd9dd52633
inat_train,6398642168_0.jpg,6398642168,healthy,buffalobuffalobuffalobuffalobuffalo,http://creativecommons.org/licenses/by-nc/4.0/legalcode,Triticum aestivum L.,86d1911176a666addbf006759b64f72387237ab8f96dca2a77f6eb5b921c7591
inat_train,6398682387_0.jpg,6398682387,healthy,Karsten Mody,http://creativecommons.org/licenses/by-nc/4.0/legalcode,Triticum aestivum L.,419ba1a9a9c522ade4a1534927a927dd9841d6a65e96a8888c17c0fecee5f714
inat_train,6398757267_0.jpg,6398757267,healthy,Марина Давлетшина,http://creativecommons.org/licenses/by/4.0/legalcode,Triticum aestivum L.,326a03faac9db143180ab2d569ef3404be46cda1ea86011c70b05280e20dd282
inat_train,6398894701_0.jpg,6398894701,healthy,Antonia,http://creativecommons.org/licenses/by-nc/4.0/legalcode,Triticum aestivum L.,baca88cbfacfb37119004a25883e7c7aaaf77aec7e96182881cab5d4bb35a648
inat_train,6398926833_0.jpg,6398926833,healthy,wesley merrill,http://creativecommons.org/licenses/by-nc/4.0/legalcode,Triticum aestivum L.,ed2d8e592bf21a2f2b7c261ab71806f3568683dba0a85f1960da6325da1ec9ee
inat_train,6398959393_0.jpg,6398959393,healthy,Timo Fric,http://creativecommons.org/licenses/by-nc/4.0/legalcode,Triticum aestivum L.,e58b1d937a2c15d46e3d5a7f37db4e7af44045ef35b79ece200b3c894c0bcca7
inat_final_test_SEALED,6399038720_0.jpg,6399038720,healthy,Daniel Rutland,http://creativecommons.org/licenses/by-nc/4.0/legalcode,Triticum aestivum L.,fe2c65d56f19ca7a383cd486756bc0c4de1527d258d36f6ef3eed6a26425f580
inat_train,6399072880_0.jpg,6399072880,healthy,ohmygoshbugs,http://creativecommons.org/licenses/by-nc/4.0/legalcode,Triticum aestivum L.,4032c0796b7c7d3d695ae964b49858baa28b46349d4187aa7a8b0bcf19e550dc
inat_train,6399110926_0.jpg,6399110926,healthy,Katarina Stampf,http://creativecommons.org/licenses/by-nc/4.0/legalcode,Triticum aestivum L.,e352fac6c9ce129b71ab4be52e4bd2bb1008bd4b2abfae898c105291efb9a852
inat_train,6399129071_0.jpg,6399129071,healthy,Caleb Martinez,http://creativecommons.org/licenses/by-nc/4.0/legalcode,Triticum aestivum L.,e29ef64cad9e4a5cfed5fef9c1df12cc59e9ce43a80edb1a97df4081b0c6cea9
inat_train,6399129464_0.jpg,6399129464,healthy,Yamaç Aksoy,http://creativecommons.org/licenses/by-nc/4.0/legalcode,Triticum aestivum L.,2054296db94e74f1410b2ac688591f69b80b3ed0b789bc3cf09258b6e2fb08e2
inat_final_test_SEALED,6399420371_0.jpg,6399420371,healthy,Jacqueline Langley,http://creativecommons.org/licenses/by-nc/4.0/legalcode,Triticum aestivum L.,adb5e5e7b7f8d090fe0af10b0866335ca7f397c243c0f8f6d8583ed89962c5de
inat_train,6399436752_0.jpg,6399436752,healthy,dannyboy7865,http://creativecommons.org/licenses/by-nc/4.0/legalcode,Triticum aestivum L.,a2ed48e7c7c58efa42842c0b24bf4f210380b5dd1aea8001e92b3c8379370741
inat_train,6399583974_0.jpg,6399583974,healthy,z-ali,http://creativecommons.org/licenses/by-nc/4.0/legalcode,Triticum aestivum L.,dabde8f4b7ad18054024826fc522252dc179151b79369d86b988b5e1c60d59f9
inat_train,6399651010_0.jpg,6399651010,healthy,nolantalk,http://creativecommons.org/licenses/by-nc/4.0/legalcode,Triticum aestivum L.,0c6792a750141fc888dca843f6824824f610c8394349926c786641d8698bca28
inat_final_test_SEALED,6399816688_0.jpg,6399816688,healthy,paulswitzer,http://creativecommons.org/licenses/by-nc/4.0/legalcode,Triticum aestivum L.,248c315308a193b4390f730d83405c780f9b61c76aab54f8ff9973288054393e
inat_train,6400139970_0.jpg,6400139970,healthy,Alyssa Landa,http://creativecommons.org/licenses/by-nc/4.0/legalcode,Triticum aestivum L.,61c5cf73940e092c4f79d8a94343f1cfb51257727f795fd269b4c379801370bc
inat_train,6400174138_0.jpg,6400174138,healthy,crane_fly,http://creativecommons.org/licenses/by-nc/4.0/legalcode,Triticum aestivum L.,58411bf0311dbf77a3d6942594001d96a670c7c18637ed6fd1fb262ea99a2740
inat_train,6400181452_0.jpg,6400181452,healthy,Maxim Sharapov,http://creativecommons.org/licenses/by-nc/4.0/legalcode,Triticum aestivum L.,d41cb9936f8b200b05c4a61d5421eb9e48511b7028cb4901f3fe33db8381bbe3
inat_train,6400253837_0.jpg,6400253837,healthy,Jonah Timms,http://creativecommons.org/licenses/by-nc/4.0/legalcode,Triticum aestivum L.,0fe081c2c6c5b52eac82906b34bef46d424470fa6014ede10893622523fab154
inat_train,6400390180_0.jpg,6400390180,healthy,Anna Kellagher,http://creativecommons.org/licenses/by/4.0/legalcode,Triticum aestivum L.,df3da0343efc5ce0dab3600b42c19358bd9a202cd02ca82ef48b0a58a10621ca
inat_final_test_SEALED,6400419534_0.jpg,6400419534,healthy,Gabriel Andrle,http://creativecommons.org/licenses/by-nc/4.0/legalcode,Triticum aestivum L.,fcc5dee1e7738e06434a61946f0e30c727528064b6f1749642dff36940d0e269
inat_final_test_SEALED,6400491623_0.jpg,6400491623,healthy,amagnus8,http://creativecommons.org/licenses/by-nc/4.0/legalcode,Triticum aestivum L.,4240fd0b648a77042090f30fa40522e71b1c68ecaf30cbd53d14e1b872220a95
inat_train,6400566067_0.jpg,6400566067,healthy,Иван,http://creativecommons.org/licenses/by-nc/4.0/legalcode,Triticum aestivum L.,f9ce3d5a6ef8bce1becf034ed6a213c29974d51998cda8f66eb2c5de2f31d30f
inat_train,6400630422_0.jpg,6400630422,healthy,Michelle monckton,http://creativecommons.org/licenses/by-nc/4.0/legalcode,Triticum aestivum L.,01abdc9be11b218b01a02d48e9b07c31c08c372dab00b483d98e397d7e75fbdf
inat_train,6400639343_0.jpg,6400639343,healthy,kroton,http://creativecommons.org/licenses/by-nc/4.0/legalcode,Triticum aestivum L.,e63f696f07757efa607dc2fbf2989d5fe038550184dd729263e29d89bc0a8c12
inat_final_test_SEALED,6400661054_0.jpg,6400661054,healthy,bonphyre,http://creativecommons.org/licenses/by-nc/4.0/legalcode,Triticum aestivum L.,e6c17d8ff3ca63def9a9dde6978a942b17d24944b8b0305e4da01000474e3f6c
inat_final_test_SEALED,6400730586_0.jpg,6400730586,healthy,Dwight Baker,http://creativecommons.org/licenses/by-nc/4.0/legalcode,Triticum aestivum L.,476667be58ea3bae0d9e04425e757e36f52c4480feaad499d1ecd196588c792d
inat_train,6400808312_0.jpg,6400808312,healthy,Rose Blyth,http://creativecommons.org/licenses/by-nc/4.0/legalcode,Triticum aestivum L.,0fa862d9475a461ccc6aaf3666feaab26da15ca0de900c06e71028d3ce348ea0
inat_train,6413053115_1.jpg,6413053115,leaf_rust,Mike Lipinski,http://creativecommons.org/licenses/by-nc/4.0/legalcode,Puccinia recondita Roberge ex Desm.,bf8f08548ffd5a0d4202363fa16047c960f43e4217f5483f3ef85866a213a2a6
inat_train,6413879930_0.jpg,6413879930,healthy,moje2023,http://creativecommons.org/licenses/by-nc/4.0/legalcode,Triticum aestivum L.,4ebb57878530a9cbccfcd0a14c7277229c5d2b589f969f131030c92325ad8a99
inat_final_test_SEALED,6413941731_0.jpg,6413941731,healthy,sw33tc0rn,http://creativecommons.org/licenses/by-nc/4.0/legalcode,Triticum aestivum L.,103077d21c3431add8057eef907447dbb782610f062408ffd2c9ef25587b0507
inat_train,6414040380_0.jpg,6414040380,healthy,Geoff Morgan,http://creativecommons.org/licenses/by/4.0/legalcode,Triticum aestivum L.,86bbaac31e22aa868eeab92af58901f5893c88149457b628112ac9c15a952f41
inat_train,6422412797_0.jpg,6422412797,healthy,paulchallinor,http://creativecommons.org/licenses/by/4.0/legalcode,Triticum aestivum L.,1839006702e606eb1eddba48f6d6fca12106d032c0c5fcce8e04236f853f1944
inat_train,6422590889_0.jpg,6422590889,healthy,grassgirl,http://creativecommons.org/licenses/by-nc/4.0/legalcode,Triticum aestivum L.,17984141362cdc568a9d097a6ac9f79e93ca78451efddc295a0f2529aa7dfc33
inat_train,6422902792_3.jpg,6422902792,leaf_rust,deinonyco,http://creativecommons.org/licenses/by-nc/4.0/legalcode,Puccinia cerinthes-agropyrina Tranzschel,64932992afa0eb89995e4967e65768ec2aca61e155b9124aaaa1702dc4886ffc
inat_train,6431054005_0.jpg,6431054005,healthy,laura42642677,http://creativecommons.org/licenses/by-nc/4.0/legalcode,Triticum aestivum L.,2c7e6037aa24c0445bb9ab8cc5046fbd9fe8b0256402a819248e816d59d96091
inat_train,6442079728_0.jpg,6442079728,healthy,Jenny Saito,http://creativecommons.org/licenses/by/4.0/legalcode,Triticum aestivum L.,81c657ab02aa16da4f3c0a1e5f08e9738a45c613a6e6a7f2aab77ea0dca1bade
inat_train,6451688631_0.jpg,6451688631,healthy,cactusoxbird,http://creativecommons.org/licenses/by-nc/4.0/legalcode,Triticum aestivum L.,c441151f6126f8957742d6e9b44c3d92753ac4b6ea6b0c9a2a49a48c14730beb
inat_train,6451767746_3.jpg,6451767746,stem_rust,shadow_385,http://creativecommons.org/licenses/by/4.0/legalcode,Puccinia graminis Pers.,36f71e2602cc4eaaeb459c405013e111e90420dc633a4cadbef6ef5ef99a90bc
inat_train,6479128519_0.jpg,6479128519,healthy,Carson Trexler,http://creativecommons.org/licenses/by-nc/4.0/legalcode,Triticum aestivum L.,f9842a43956980e1f21bcbd5e5f768c347a3982e5efe40e4b3a8ba2f715432cc
inat_train,6479751285_0.jpg,6479751285,healthy,Petricia Hesselø Frederiksen,http://creativecommons.org/licenses/by-nc/4.0/legalcode,Triticum aestivum L.,e9a14c7a723a4613c75528cfa78a5bc24ac5a1520a53a12042043e43b96a8f03
inat_train,6480978556_0.jpg,6480978556,healthy,morganstockton,http://creativecommons.org/licenses/by-nc/4.0/legalcode,Triticum aestivum L.,059f3a71b453ef4e58254010c275c821f1260bcc920c097cd6de877fcd25bf1d
inat_train,6498594714_0.jpg,6498594714,healthy,nata427,http://creativecommons.org/licenses/by-nc/4.0/legalcode,Triticum aestivum L.,6b228061c3c7f039ffa7746cd944f4ddd10fbae194925ccd2ceac220c5344cb7
inat_train,6499158327_0.jpg,6499158327,healthy,Kayla,http://creativecommons.org/licenses/by-nc/4.0/legalcode,Triticum aestivum L.,98c8e44ff1789c7fd57fd0abd35239376909af33ebbaa03030da8016eba4f68c
inat_train,6499250559_0.jpg,6499250559,healthy,podkina-84,http://creativecommons.org/licenses/by-nc/4.0/legalcode,Triticum aestivum L.,a3fc5785a43d81ce1507171d37bc6e9e18f69da21879069586beb6a16693bc2d
inat_train,6499468476_0.jpg,6499468476,healthy,aurumgreenjr,http://creativecommons.org/licenses/by-nc/4.0/legalcode,Triticum aestivum L.,db93a38f98fcef9c27c06824179d85b6d9485da1c4ed0c6af57f6d7507c7eabf
inat_train,6518603655_0.jpg,6518603655,powdery_mildew,Andy Donegan,http://creativecommons.org/licenses/by/4.0/legalcode,Blumeria graminis (DC.) Speer,da094b252871aa01f913ab9c5ca932e8301e779f316a65a3837b4a0cdb7bec00
inat_train,6519079416_0.jpg,6519079416,healthy,grietjie,http://creativecommons.org/licenses/by-nc/4.0/legalcode,Triticum aestivum L.,24bdb36fdd1230720e8224381a6a690572172fae11f398cd599e92b918ad4970
inat_train,6520444520_0.jpg,6520444520,healthy,Константин Селивёрстов,http://creativecommons.org/licenses/by/4.0/legalcode,Triticum aestivum L.,cfc402ee7a73536c6d9c54ce387436072e7d2f599d6aa2605e6f00aa5a70479c
inat_train,6520576738_1.jpg,6520576738,powdery_mildew,wresy,http://creativecommons.org/licenses/by-nc/4.0/legalcode,Blumeria graminis (DC.) Speer,3d963d4d2c686af9807fc25698e1f88f35986bf5f7eddfe16ce06429dedfefc4
